date,str,V2,V3,V4,V5,V6,V7,V8,V9,V10,V11,V12,V13,V14,V15,V16,V17,V18,V19,V20
28/02/2020,19.44,19.27,22.02,0,0,0,0,0,0,0,0,3,0,0,2,1,2,0,0,0
29/02/2020,19.44,19.27,22.02,0,0,0,0,0,0,0,0,3,0,0,2,1,2,0,0,0
1/03/2020,19.44,19.27,22.02,0,0,0,0,0,0,0,0,3,0,0,2,1,2,0,0,0
2/03/2020,19.44,19.27,22.02,0,0,0,0,0,0,0,0,3,0,0,2,1,2,0,0,0
3/03/2020,19.44,19.27,22.02,0,0,0,0,0,0,0,0,3,0,0,2,1,2,0,0,0
4/03/2020,19.44,19.27,22.02,0,0,0,0,0,0,0,0,3,0,0,2,1,2,0,0,0
5/03/2020,19.44,19.27,22.02,0,0,0,0,0,0,0,0,3,0,0,2,1,2,0,0,0
6/03/2020,19.44,19.27,22.02,0,0,0,0,0,0,0,0,3,0,0,2,1,2,0,0,0
7/03/2020,19.44,19.27,22.02,0,0,0,0,0,0,0,0,3,0,0,2,1,2,0,0,0
8/03/2020,19.44,19.27,22.02,0,0,0,0,0,0,0,0,3,0,0,2,1,2,0,0,0
9/03/2020,19.44,19.27,22.02,0,0,0,0,0,0,0,0,3,0,0,2,1,2,0,0,0
10/03/2020,19.44,19.27,22.02,0,0,0,0,0,0,0,0,3,0,0,2,1,2,0,0,0
11/03/2020,19.44,19.27,22.02,0,0,0,0,0,0,0,0,3,0,0,2,1,2,0,0,0
12/03/2020,19.44,19.27,22.02,0,0,0,0,0,0,0,0,3,0,0,2,1,2,0,0,0
13/03/2020,19.44,19.27,22.02,0,0,0,0,0,0,0,0,3,0,0,2,1,2,0,0,0
14/03/2020,19.44,19.27,22.02,0,0,0,0,0,0,0,0,3,0,0,2,1,2,0,0,0
15/03/2020,19.44,19.27,22.02,0,0,0,0,0,0,0,0,3,0,0,2,1,2,0,0,0
16/03/2020,36.11,28.65,32.74,0,0,0,2,2,0,0,0,3,0,0,2,1,2,0,0,0
17/03/2020,36.11,33.33,32.74,37.5,0,0,2,2,0,0,0,3,2,0,2,1,2,0,0,0
18/03/2020,36.11,33.33,32.74,37.5,0,0,2,2,0,0,0,3,2,0,2,1,2,0,0,0
19/03/2020,36.11,33.33,32.74,37.5,0,0,2,2,0,0,0,3,2,0,2,1,2,0,0,0
20/03/2020,38.89,34.9,34.52,37.5,0,0,2,2,0,0,0,4,2,0,2,1,2,0,0,0
21/03/2020,58.33,45.83,47.02,37.5,1,1,2,3,0,1,1,4,2,0,2,1,2,0,0,0
22/03/2020,58.33,45.83,47.02,37.5,1,1,2,3,0,1,1,4,2,0,2,1,2,0,0,0
23/03/2020,79.63,57.81,60.71,37.5,1,2,2,4,1,2,2,4,2,0,2,1,2,0,0,0
24/03/2020,87.04,65.1,65.48,62.5,3,2,2,4,1,2,2,4,2,1,2,1,2,0,0,0
25/03/2020,90.74,73.44,75,62.5,3,3,2,4,1,2,2,4,2,1,2,1,2,0,0,3
26/03/2020,96.3,76.56,78.57,62.5,3,3,2,4,2,2,2,4,2,1,2,1,2,0,0,3
27/03/2020,96.3,76.56,78.57,62.5,3,3,2,4,2,2,2,4,2,1,2,1,2,0,0,3
28/03/2020,96.3,76.56,78.57,62.5,3,3,2,4,2,2,2,4,2,1,2,1,2,0,0,3
29/03/2020,96.3,76.56,78.57,62.5,3,3,2,4,2,2,2,4,2,1,2,1,2,0,0,3
30/03/2020,96.3,76.56,78.57,62.5,3,3,2,4,2,2,2,4,2,1,2,1,2,0,0,3
31/03/2020,96.3,76.56,78.57,62.5,3,3,2,4,2,2,2,4,2,1,2,1,2,0,0,3
1/04/2020,96.3,78.65,80.95,62.5,3,3,2,4,2,2,2,4,2,1,2,2,2,0,0,3
2/04/2020,96.3,78.65,80.95,62.5,3,3,2,4,2,2,2,4,2,1,2,2,2,0,0,3
3/04/2020,96.3,78.65,80.95,62.5,3,3,2,4,2,2,2,4,2,1,2,2,2,0,0,3
4/04/2020,96.3,78.65,80.95,62.5,3,3,2,4,2,2,2,4,2,1,2,2,2,0,0,3
5/04/2020,96.3,78.65,80.95,62.5,3,3,2,4,2,2,2,4,2,1,2,2,2,0,0,3
6/04/2020,96.3,78.65,80.95,62.5,3,3,2,4,2,2,2,4,2,1,2,2,2,0,0,3
7/04/2020,96.3,78.65,80.95,62.5,3,3,2,4,2,2,2,4,2,1,2,2,2,0,0,3
8/04/2020,96.3,78.65,80.95,62.5,3,3,2,4,2,2,2,4,2,1,2,2,2,0,0,3
9/04/2020,96.3,78.65,80.95,62.5,3,3,2,4,2,2,2,4,2,1,2,2,2,0,0,3
10/04/2020,96.3,78.65,80.95,62.5,3,3,2,4,2,2,2,4,2,1,2,2,2,0,0,3
11/04/2020,96.3,78.65,80.95,62.5,3,3,2,4,2,2,2,4,2,1,2,2,2,0,0,3
12/04/2020,96.3,78.65,80.95,62.5,3,3,2,4,2,2,2,4,2,1,2,2,2,0,0,3
13/04/2020,96.3,78.65,80.95,62.5,3,3,2,4,2,2,2,4,2,1,2,2,2,0,0,3
14/04/2020,96.3,78.65,80.95,62.5,3,3,2,4,2,2,2,4,2,1,2,2,2,0,0,3
15/04/2020,96.3,78.65,80.95,62.5,3,3,2,4,2,2,2,4,2,1,2,2,2,0,0,3
16/04/2020,96.3,78.65,80.95,62.5,3,3,2,4,2,2,2,4,2,1,2,2,2,0,0,3
17/04/2020,96.3,78.65,80.95,62.5,3,3,2,4,2,2,2,4,2,1,2,2,2,0,0,3
18/04/2020,96.3,78.65,80.95,62.5,3,3,2,4,2,2,2,4,2,1,2,2,2,0,0,3
19/04/2020,96.3,78.65,80.95,62.5,3,3,2,4,2,2,2,4,2,1,2,2,2,0,0,3
20/04/2020,96.3,78.65,80.95,62.5,3,3,2,4,2,2,2,4,2,1,2,2,2,0,0,3
21/04/2020,96.3,78.65,80.95,62.5,3,3,2,4,2,2,2,4,2,1,2,2,2,0,0,3
22/04/2020,96.3,78.65,80.95,62.5,3,3,2,4,2,2,2,4,2,1,2,2,2,0,0,3
23/04/2020,96.3,78.65,80.95,62.5,3,3,2,4,2,2,2,4,2,1,2,2,2,0,0,3
24/04/2020,96.3,78.65,80.95,62.5,3,3,2,4,2,2,2,4,2,1,2,2,2,0,0,3
25/04/2020,96.3,78.65,80.95,62.5,3,3,2,4,2,2,2,4,2,1,2,2,2,0,0,3
26/04/2020,96.3,78.65,80.95,62.5,3,3,2,4,2,2,2,4,2,1,2,2,2,0,0,3
27/04/2020,96.3,76.56,78.57,62.5,3,3,2,4,2,2,2,4,2,1,2,2,2,0,0,2
28/04/2020,87.04,71.35,72.62,62.5,3,2,2,4,1,2,2,4,2,1,2,2,2,0,0,2
29/04/2020,83.33,69.27,70.24,62.5,2,2,2,4,1,2,2,4,2,1,2,2,2,0,0,2
30/04/2020,83.33,69.27,70.24,62.5,2,2,2,4,1,2,2,4,2,1,2,2,2,0,0,2
1/05/2020,83.33,69.27,70.24,62.5,2,2,2,4,1,2,2,4,2,1,2,2,2,0,0,2
2/05/2020,83.33,69.27,70.24,62.5,2,2,2,4,1,2,2,4,2,1,2,2,2,0,0,2
3/05/2020,83.33,69.27,70.24,62.5,2,2,2,4,1,2,2,4,2,1,2,2,2,0,0,2
4/05/2020,83.33,69.27,70.24,62.5,2,2,2,4,1,2,2,4,2,1,2,2,2,0,0,2
5/05/2020,83.33,69.27,70.24,62.5,2,2,2,4,1,2,2,4,2,1,2,2,2,0,0,2
6/05/2020,83.33,69.27,70.24,62.5,2,2,2,4,1,2,2,4,2,1,2,2,2,0,0,2
7/05/2020,83.33,69.27,70.24,62.5,2,2,2,4,1,2,2,4,2,1,2,2,2,0,0,2
8/05/2020,83.33,69.27,70.24,62.5,2,2,2,4,1,2,2,4,2,1,2,2,2,0,0,2
9/05/2020,83.33,69.27,70.24,62.5,2,2,2,4,1,2,2,4,2,1,2,2,2,0,0,2
10/05/2020,83.33,69.27,70.24,62.5,2,2,2,4,1,2,2,4,2,1,2,2,2,0,0,2
11/05/2020,83.33,69.27,70.24,62.5,2,2,2,4,1,2,2,4,2,1,2,2,2,0,0,2
12/05/2020,83.33,69.27,70.24,62.5,2,2,2,4,1,2,2,4,2,1,2,2,2,0,0,2
13/05/2020,83.33,69.27,70.24,62.5,2,2,2,4,1,2,2,4,2,1,2,2,2,0,0,2
14/05/2020,39.81,44.79,42.26,62.5,1,0,1,3,0,0,0,4,2,1,2,2,2,0,0,2
15/05/2020,39.81,44.79,42.26,62.5,1,0,1,3,0,0,0,4,2,1,2,2,2,0,0,2
16/05/2020,39.81,44.79,42.26,62.5,1,0,1,3,0,0,0,4,2,1,2,2,2,0,0,2
17/05/2020,39.81,44.79,42.26,62.5,1,0,1,3,0,0,0,4,2,1,2,2,2,0,0,2
18/05/2020,39.81,44.79,42.26,62.5,1,0,1,3,0,0,0,4,2,1,2,2,2,0,0,2
19/05/2020,39.81,44.79,42.26,62.5,1,0,1,3,0,0,0,4,2,1,2,2,2,0,0,2
20/05/2020,39.81,44.79,42.26,62.5,1,0,1,3,0,0,0,4,2,1,2,2,2,0,0,2
21/05/2020,39.81,44.79,42.26,62.5,1,0,1,3,0,0,0,4,2,1,2,2,2,0,0,2
22/05/2020,39.81,44.79,42.26,62.5,1,0,1,3,0,0,0,4,2,1,2,2,2,0,0,2
23/05/2020,39.81,44.79,42.26,62.5,1,0,1,3,0,0,0,4,2,1,2,2,2,0,0,2
24/05/2020,39.81,44.79,42.26,62.5,1,0,1,3,0,0,0,4,2,1,2,2,2,0,0,2
25/05/2020,39.81,44.79,42.26,62.5,1,0,1,3,0,0,0,4,2,1,2,2,2,0,0,2
26/05/2020,39.81,44.79,42.26,62.5,1,0,1,3,0,0,0,4,2,1,2,2,2,0,0,2
27/05/2020,39.81,44.79,42.26,62.5,1,0,1,3,0,0,0,4,2,1,2,2,2,0,0,2
28/05/2020,39.81,44.79,42.26,62.5,1,0,1,3,0,0,0,4,2,1,2,2,2,0,0,2
29/05/2020,37.04,43.23,40.48,62.5,1,0,1,2,0,0,0,4,2,1,2,2,2,0,0,2
30/05/2020,37.04,43.23,40.48,62.5,1,0,1,2,0,0,0,4,2,1,2,2,2,0,0,2
31/05/2020,37.04,43.23,40.48,62.5,1,0,1,2,0,0,0,4,2,1,2,2,2,0,0,2
1/06/2020,37.04,43.23,40.48,62.5,1,0,1,2,0,0,0,4,2,1,2,2,2,0,0,2
2/06/2020,37.04,43.23,40.48,62.5,1,0,1,2,0,0,0,4,2,1,2,2,2,0,0,2
3/06/2020,37.04,43.23,40.48,62.5,1,0,1,2,0,0,0,4,2,1,2,2,2,0,0,2
4/06/2020,37.04,43.23,40.48,62.5,1,0,1,2,0,0,0,4,2,1,2,2,2,0,0,2
5/06/2020,37.04,43.23,40.48,62.5,1,0,1,2,0,0,0,4,2,1,2,2,2,0,0,2
6/06/2020,37.04,43.23,40.48,62.5,1,0,1,2,0,0,0,4,2,1,2,2,2,0,0,2
7/06/2020,37.04,43.23,40.48,62.5,1,0,1,2,0,0,0,4,2,1,2,2,2,0,0,2
8/06/2020,22.22,34.9,30.95,62.5,0,0,0,0,0,0,0,4,2,1,2,2,2,0,0,2
9/06/2020,22.22,34.9,30.95,62.5,0,0,0,0,0,0,0,4,2,1,2,2,2,0,0,2
10/06/2020,22.22,34.9,30.95,62.5,0,0,0,0,0,0,0,4,2,1,2,2,2,0,0,2
11/06/2020,22.22,34.9,30.95,62.5,0,0,0,0,0,0,0,4,2,1,2,2,2,0,0,2
12/06/2020,22.22,34.9,30.95,62.5,0,0,0,0,0,0,0,4,2,1,2,2,2,0,0,2
13/06/2020,22.22,34.9,30.95,62.5,0,0,0,0,0,0,0,4,2,1,2,2,2,0,0,2
14/06/2020,22.22,34.9,30.95,62.5,0,0,0,0,0,0,0,4,2,1,2,2,2,0,0,2
15/06/2020,22.22,34.9,30.95,62.5,0,0,0,0,0,0,0,4,2,1,2,2,2,0,0,2
16/06/2020,22.22,34.9,30.95,62.5,0,0,0,0,0,0,0,4,2,1,2,2,2,0,0,2
17/06/2020,22.22,34.9,30.95,62.5,0,0,0,0,0,0,0,4,2,1,2,2,2,0,0,2
18/06/2020,22.22,34.9,30.95,62.5,0,0,0,0,0,0,0,4,2,1,2,2,2,0,0,2
19/06/2020,22.22,34.9,30.95,62.5,0,0,0,0,0,0,0,4,2,1,2,2,2,0,0,2
20/06/2020,22.22,34.9,30.95,62.5,0,0,0,0,0,0,0,4,2,1,2,2,2,0,0,2
21/06/2020,22.22,34.9,30.95,62.5,0,0,0,0,0,0,0,4,2,1,2,2,2,0,0,2
22/06/2020,22.22,34.9,30.95,62.5,0,0,0,0,0,0,0,4,2,1,2,2,2,0,0,2
23/06/2020,22.22,34.9,30.95,62.5,0,0,0,0,0,0,0,4,2,1,2,2,2,0,0,2
24/06/2020,22.22,34.9,30.95,62.5,0,0,0,0,0,0,0,4,2,1,2,2,2,0,0,2
25/06/2020,22.22,34.9,30.95,62.5,0,0,0,0,0,0,0,4,2,1,2,2,2,0,0,2
26/06/2020,22.22,34.9,30.95,62.5,0,0,0,0,0,0,0,4,2,1,2,2,2,0,0,2
27/06/2020,22.22,34.9,30.95,62.5,0,0,0,0,0,0,0,4,2,1,2,2,2,0,0,2
28/06/2020,22.22,34.9,30.95,62.5,0,0,0,0,0,0,0,4,2,1,2,2,2,0,0,2
29/06/2020,22.22,34.9,30.95,62.5,0,0,0,0,0,0,0,4,2,1,2,2,2,0,0,2
30/06/2020,22.22,34.9,30.95,62.5,0,0,0,0,0,0,0,4,2,1,2,2,2,0,0,2
1/07/2020,22.22,34.9,30.95,62.5,0,0,0,0,0,0,0,4,2,1,2,2,2,0,0,2
2/07/2020,22.22,34.9,30.95,62.5,0,0,0,0,0,0,0,4,2,1,2,2,2,0,0,2
3/07/2020,22.22,34.9,30.95,62.5,0,0,0,0,0,0,0,4,2,1,2,2,2,0,0,2
4/07/2020,22.22,34.9,30.95,62.5,0,0,0,0,0,0,0,4,2,1,2,2,2,0,0,2
5/07/2020,22.22,34.9,30.95,62.5,0,0,0,0,0,0,0,4,2,1,2,2,2,0,0,2
6/07/2020,22.22,34.9,30.95,62.5,0,0,0,0,0,0,0,4,2,1,2,2,2,0,0,2
7/07/2020,22.22,34.9,30.95,62.5,0,0,0,0,0,0,0,4,2,1,2,2,2,0,0,2
8/07/2020,22.22,34.9,30.95,62.5,0,0,0,0,0,0,0,4,2,1,2,2,2,0,0,2
9/07/2020,22.22,34.9,30.95,62.5,0,0,0,0,0,0,0,4,2,1,2,2,2,0,0,2
10/07/2020,22.22,38.02,30.95,87.5,0,0,0,0,0,0,0,4,2,2,2,2,2,0,0,2
11/07/2020,22.22,38.02,30.95,87.5,0,0,0,0,0,0,0,4,2,2,2,2,2,0,0,2
12/07/2020,22.22,38.02,30.95,87.5,0,0,0,0,0,0,0,4,2,2,2,2,2,0,0,2
13/07/2020,22.22,38.02,30.95,87.5,0,0,0,0,0,0,0,4,2,2,2,2,2,0,0,2
14/07/2020,22.22,38.02,30.95,87.5,0,0,0,0,0,0,0,4,2,2,2,2,2,0,0,2
15/07/2020,22.22,38.02,30.95,87.5,0,0,0,0,0,0,0,4,2,2,2,2,2,0,0,2
16/07/2020,22.22,38.02,30.95,87.5,0,0,0,0,0,0,0,4,2,2,2,2,2,0,0,2
17/07/2020,22.22,38.02,30.95,87.5,0,0,0,0,0,0,0,4,2,2,2,2,2,0,0,2
18/07/2020,22.22,38.02,30.95,87.5,0,0,0,0,0,0,0,4,2,2,2,2,2,0,0,2
19/07/2020,22.22,38.02,30.95,87.5,0,0,0,0,0,0,0,4,2,2,2,2,2,0,0,2
20/07/2020,22.22,38.02,30.95,87.5,0,0,0,0,0,0,0,4,2,2,2,2,2,0,0,2
21/07/2020,22.22,38.02,30.95,87.5,0,0,0,0,0,0,0,4,2,2,2,2,2,0,0,2
22/07/2020,22.22,38.02,30.95,87.5,0,0,0,0,0,0,0,4,2,2,2,2,2,0,0,2
23/07/2020,22.22,38.02,30.95,87.5,0,0,0,0,0,0,0,4,2,2,2,2,2,0,0,2
24/07/2020,22.22,38.02,30.95,87.5,0,0,0,0,0,0,0,4,2,2,2,2,2,0,0,2
25/07/2020,22.22,38.02,30.95,87.5,0,0,0,0,0,0,0,4,2,2,2,2,2,0,0,2
26/07/2020,22.22,38.02,30.95,87.5,0,0,0,0,0,0,0,4,2,2,2,2,2,0,0,2
27/07/2020,22.22,38.02,30.95,87.5,0,0,0,0,0,0,0,4,2,2,2,2,2,0,0,2
28/07/2020,22.22,38.02,30.95,87.5,0,0,0,0,0,0,0,4,2,2,2,2,2,0,0,2
29/07/2020,22.22,38.02,30.95,87.5,0,0,0,0,0,0,0,4,2,2,2,2,2,0,0,2
30/07/2020,22.22,38.02,30.95,87.5,0,0,0,0,0,0,0,4,2,2,2,2,2,0,0,2
31/07/2020,22.22,38.02,30.95,87.5,0,0,0,0,0,0,0,4,2,2,2,2,2,0,0,2
1/08/2020,22.22,38.02,30.95,87.5,0,0,0,0,0,0,0,4,2,2,2,2,2,0,0,2
2/08/2020,22.22,38.02,30.95,87.5,0,0,0,0,0,0,0,4,2,2,2,2,2,0,0,2
3/08/2020,22.22,38.02,30.95,87.5,0,0,0,0,0,0,0,4,2,2,2,2,2,0,0,2
4/08/2020,22.22,38.02,30.95,87.5,0,0,0,0,0,0,0,4,2,2,2,2,2,0,0,2
5/08/2020,22.22,38.02,30.95,87.5,0,0,0,0,0,0,0,4,2,2,2,2,2,0,0,2
6/08/2020,22.22,38.02,30.95,87.5,0,0,0,0,0,0,0,4,2,2,2,2,2,0,0,2
7/08/2020,22.22,38.02,30.95,87.5,0,0,0,0,0,0,0,4,2,2,2,2,2,0,0,2
8/08/2020,22.22,38.02,30.95,87.5,0,0,0,0,0,0,0,4,2,2,2,2,2,0,0,2
9/08/2020,22.22,38.02,30.95,87.5,0,0,0,0,0,0,0,4,2,2,2,2,2,0,0,2
10/08/2020,22.22,38.02,30.95,87.5,0,0,0,0,0,0,0,4,2,2,2,2,2,0,0,2
11/08/2020,22.22,38.02,30.95,87.5,0,0,0,0,0,0,0,4,2,2,2,2,2,0,0,2
12/08/2020,68.98,65.1,61.9,87.5,2,3,2,4,0,2,2,4,2,2,2,2,2,1,0,2
13/08/2020,68.98,65.1,61.9,87.5,2,3,2,4,0,2,2,4,2,2,2,2,2,1,0,2
14/08/2020,68.98,65.1,61.9,87.5,2,3,2,4,0,2,2,4,2,2,2,2,2,1,0,2
15/08/2020,68.98,65.1,61.9,87.5,2,3,2,4,0,2,2,4,2,2,2,2,2,1,0,2
16/08/2020,68.98,65.1,61.9,87.5,2,3,2,4,0,2,2,4,2,2,2,2,2,1,0,2
17/08/2020,68.98,65.1,61.9,87.5,2,3,2,4,0,2,2,4,2,2,2,2,2,1,0,2
18/08/2020,68.98,65.1,61.9,87.5,2,3,2,4,0,2,2,4,2,2,2,2,2,1,0,2
19/08/2020,68.98,65.1,61.9,87.5,2,3,2,4,0,2,2,4,2,2,2,2,2,1,0,2
20/08/2020,68.98,65.1,61.9,87.5,2,3,2,4,0,2,2,4,2,2,2,2,2,1,0,2
21/08/2020,68.98,65.1,61.9,87.5,2,3,2,4,0,2,2,4,2,2,2,2,2,1,0,2
22/08/2020,68.98,65.1,61.9,87.5,2,3,2,4,0,2,2,4,2,2,2,2,2,1,0,2
23/08/2020,68.98,65.1,61.9,87.5,2,3,2,4,0,2,2,4,2,2,2,2,2,1,0,2
24/08/2020,68.98,65.1,61.9,87.5,2,3,2,4,0,2,2,4,2,2,2,2,2,1,0,2
25/08/2020,68.98,65.1,61.9,87.5,2,3,2,4,0,2,2,4,2,2,2,2,2,1,0,2
26/08/2020,68.98,65.1,61.9,87.5,2,3,2,4,0,2,2,4,2,2,2,2,2,1,0,2
27/08/2020,68.98,65.1,61.9,87.5,2,3,2,4,0,2,2,4,2,2,2,2,2,1,0,2
28/08/2020,68.98,65.1,61.9,87.5,2,3,2,4,0,2,2,4,2,2,2,2,2,1,0,2
29/08/2020,68.98,65.1,61.9,87.5,2,3,2,4,0,2,2,4,2,2,2,2,2,1,0,2
30/08/2020,68.98,65.1,61.9,87.5,2,3,2,4,0,2,2,4,2,2,2,2,2,1,0,2
31/08/2020,68.98,65.1,61.9,87.5,2,3,2,4,0,2,2,4,2,2,2,2,2,1,0,2
1/09/2020,68.98,65.1,61.9,87.5,2,3,2,4,0,2,2,4,2,2,2,2,2,1,0,2
2/09/2020,68.98,65.1,61.9,87.5,2,3,2,4,0,2,2,4,2,2,2,2,2,1,0,2
3/09/2020,68.98,65.1,61.9,87.5,2,3,2,4,0,2,2,4,2,2,2,2,2,1,0,2
4/09/2020,68.98,65.1,61.9,87.5,2,3,2,4,0,2,2,4,2,2,2,2,2,1,0,2
5/09/2020,68.98,65.1,61.9,87.5,2,3,2,4,0,2,2,4,2,2,2,2,2,1,0,2
6/09/2020,68.98,65.1,61.9,87.5,2,3,2,4,0,2,2,4,2,2,2,2,2,1,0,2
7/09/2020,68.98,65.1,61.9,87.5,2,3,2,4,0,2,2,4,2,2,2,2,2,1,0,2
8/09/2020,68.98,65.1,61.9,87.5,2,3,2,4,0,2,2,4,2,2,2,2,2,1,0,2
9/09/2020,68.98,65.1,61.9,87.5,2,3,2,4,0,2,2,4,2,2,2,2,2,1,0,2
10/09/2020,68.98,65.1,61.9,87.5,2,3,2,4,0,2,2,4,2,2,2,2,2,1,0,2
11/09/2020,68.98,65.1,61.9,87.5,2,3,2,4,0,2,2,4,2,2,2,2,2,1,0,2
12/09/2020,68.98,65.1,61.9,87.5,2,3,2,4,0,2,2,4,2,2,2,2,2,1,0,2
13/09/2020,68.98,65.1,61.9,87.5,2,3,2,4,0,2,2,4,2,2,2,2,2,1,0,2
14/09/2020,68.98,65.1,61.9,87.5,2,3,2,4,0,2,2,4,2,2,2,2,2,1,0,2
15/09/2020,68.98,65.1,61.9,87.5,2,3,2,4,0,2,2,4,2,2,2,2,2,1,0,2
16/09/2020,68.98,65.1,61.9,87.5,2,3,2,4,0,2,2,4,2,2,2,2,2,1,0,2
17/09/2020,68.98,65.1,61.9,87.5,2,3,2,4,0,2,2,4,2,2,2,2,2,1,0,2
18/09/2020,68.98,65.1,61.9,87.5,2,3,2,4,0,2,2,4,2,2,2,2,2,1,0,2
19/09/2020,68.98,65.1,61.9,87.5,2,3,2,4,0,2,2,4,2,2,2,2,2,1,0,2
20/09/2020,68.98,65.1,61.9,87.5,2,3,2,4,0,2,2,4,2,2,2,2,2,1,0,2
21/09/2020,22.22,39.58,32.74,87.5,0,0,0,0,0,0,0,4,2,2,2,2,2,1,0,2
22/09/2020,22.22,39.58,32.74,87.5,0,0,0,0,0,0,0,4,2,2,2,2,2,1,0,2
23/09/2020,22.22,39.58,32.74,87.5,0,0,0,0,0,0,0,4,2,2,2,2,2,1,0,2
24/09/2020,22.22,39.58,32.74,87.5,0,0,0,0,0,0,0,4,2,2,2,2,2,1,0,2
25/09/2020,22.22,39.58,32.74,87.5,0,0,0,0,0,0,0,4,2,2,2,2,2,1,0,2
26/09/2020,22.22,39.58,32.74,87.5,0,0,0,0,0,0,0,4,2,2,2,2,2,1,0,2
27/09/2020,22.22,39.58,32.74,87.5,0,0,0,0,0,0,0,4,2,2,2,2,2,1,0,2
28/09/2020,22.22,39.58,32.74,87.5,0,0,0,0,0,0,0,4,2,2,2,2,2,1,0,2
29/09/2020,22.22,39.58,32.74,87.5,0,0,0,0,0,0,0,4,2,2,2,2,2,1,0,2
30/09/2020,22.22,39.58,32.74,87.5,0,0,0,0,0,0,0,4,2,2,2,2,2,1,0,2
1/10/2020,22.22,39.58,32.74,87.5,0,0,0,0,0,0,0,4,2,2,2,2,2,1,0,2
2/10/2020,22.22,39.58,32.74,87.5,0,0,0,0,0,0,0,4,2,2,2,2,2,1,0,2
3/10/2020,22.22,39.58,32.74,87.5,0,0,0,0,0,0,0,4,2,2,2,2,2,1,0,2
4/10/2020,22.22,39.58,32.74,87.5,0,0,0,0,0,0,0,4,2,2,2,2,2,1,0,2
5/10/2020,22.22,39.58,32.74,87.5,0,0,0,0,0,0,0,4,2,2,2,2,2,1,0,2
6/10/2020,22.22,39.58,32.74,87.5,0,0,0,0,0,0,0,4,2,2,2,2,2,1,0,2
7/10/2020,22.22,39.58,32.74,87.5,0,0,0,0,0,0,0,4,2,2,2,2,2,1,0,2
8/10/2020,22.22,37.5,30.36,87.5,0,0,0,0,0,0,0,4,2,2,2,2,2,1,0,1
9/10/2020,22.22,37.5,30.36,87.5,0,0,0,0,0,0,0,4,2,2,2,2,2,1,0,1
10/10/2020,22.22,37.5,30.36,87.5,0,0,0,0,0,0,0,4,2,2,2,2,2,1,0,1
11/10/2020,22.22,37.5,30.36,87.5,0,0,0,0,0,0,0,4,2,2,2,2,2,1,0,1
12/10/2020,22.22,37.5,30.36,87.5,0,0,0,0,0,0,0,4,2,2,2,2,2,1,0,1
13/10/2020,22.22,37.5,30.36,87.5,0,0,0,0,0,0,0,4,2,2,2,2,2,1,0,1
14/10/2020,22.22,37.5,30.36,87.5,0,0,0,0,0,0,0,4,2,2,2,2,2,1,0,1
15/10/2020,22.22,37.5,30.36,87.5,0,0,0,0,0,0,0,4,2,2,2,2,2,1,0,1
16/10/2020,22.22,37.5,30.36,87.5,0,0,0,0,0,0,0,4,2,2,2,2,2,1,0,1
17/10/2020,22.22,37.5,30.36,87.5,0,0,0,0,0,0,0,4,2,2,2,2,2,1,0,1
18/10/2020,22.22,37.5,30.36,87.5,0,0,0,0,0,0,0,4,2,2,2,2,2,1,0,1
19/10/2020,22.22,37.5,30.36,87.5,0,0,0,0,0,0,0,4,2,2,2,2,2,1,0,1
20/10/2020,22.22,37.5,30.36,87.5,0,0,0,0,0,0,0,4,2,2,2,2,2,1,0,1
21/10/2020,22.22,37.5,30.36,87.5,0,0,0,0,0,0,0,4,2,2,2,2,2,1,0,1
22/10/2020,22.22,37.5,30.36,87.5,0,0,0,0,0,0,0,4,2,2,2,2,2,1,0,1
23/10/2020,22.22,37.5,30.36,87.5,0,0,0,0,0,0,0,4,2,2,2,2,2,1,0,1
24/10/2020,22.22,37.5,30.36,87.5,0,0,0,0,0,0,0,4,2,2,2,2,2,1,0,1
25/10/2020,22.22,37.5,30.36,87.5,0,0,0,0,0,0,0,4,2,2,2,2,2,1,0,1
26/10/2020,22.22,37.5,30.36,87.5,0,0,0,0,0,0,0,4,2,2,2,2,2,1,0,1
27/10/2020,22.22,37.5,30.36,87.5,0,0,0,0,0,0,0,4,2,2,2,2,2,1,0,1
28/10/2020,22.22,37.5,30.36,87.5,0,0,0,0,0,0,0,4,2,2,2,2,2,1,0,1
29/10/2020,22.22,37.5,30.36,87.5,0,0,0,0,0,0,0,4,2,2,2,2,2,1,0,1
30/10/2020,22.22,37.5,30.36,87.5,0,0,0,0,0,0,0,4,2,2,2,2,2,1,0,1
31/10/2020,22.22,37.5,30.36,87.5,0,0,0,0,0,0,0,4,2,2,2,2,2,1,0,1
1/11/2020,22.22,35.94,30.36,75,0,0,0,0,0,0,0,4,1,2,2,2,2,1,0,1
2/11/2020,22.22,35.94,30.36,75,0,0,0,0,0,0,0,4,1,2,2,2,2,1,0,1
3/11/2020,22.22,35.94,30.36,75,0,0,0,0,0,0,0,4,1,2,2,2,2,1,0,1
4/11/2020,22.22,35.94,30.36,75,0,0,0,0,0,0,0,4,1,2,2,2,2,1,0,1
5/11/2020,22.22,35.94,30.36,75,0,0,0,0,0,0,0,4,1,2,2,2,2,1,0,1
6/11/2020,22.22,35.94,30.36,75,0,0,0,0,0,0,0,4,1,2,2,2,2,1,0,1
7/11/2020,22.22,35.94,30.36,75,0,0,0,0,0,0,0,4,1,2,2,2,2,1,0,1
8/11/2020,22.22,35.94,30.36,75,0,0,0,0,0,0,0,4,1,2,2,2,2,1,0,1
9/11/2020,22.22,35.94,30.36,75,0,0,0,0,0,0,0,4,1,2,2,2,2,1,0,1
10/11/2020,22.22,35.94,30.36,75,0,0,0,0,0,0,0,4,1,2,2,2,2,1,0,1
11/11/2020,22.22,35.94,30.36,75,0,0,0,0,0,0,0,4,1,2,2,2,2,1,0,1
12/11/2020,22.22,35.94,30.36,75,0,0,0,0,0,0,0,4,1,2,2,2,2,1,0,1
13/11/2020,22.22,35.94,30.36,75,0,0,0,0,0,0,0,4,1,2,2,2,2,1,0,1
14/11/2020,22.22,35.94,30.36,75,0,0,0,0,0,0,0,4,1,2,2,2,2,1,0,1
15/11/2020,22.22,35.94,30.36,75,0,0,0,0,0,0,0,4,1,2,2,2,2,1,0,1
16/11/2020,22.22,35.94,30.36,75,0,0,0,0,0,0,0,4,1,2,2,2,2,1,0,1
17/11/2020,22.22,35.94,30.36,75,0,0,0,0,0,0,0,4,1,2,2,2,2,1,0,1
18/11/2020,22.22,35.94,30.36,75,0,0,0,0,0,0,0,4,1,2,2,2,2,1,0,1
19/11/2020,22.22,37.5,32.14,75,0,0,0,0,0,0,0,4,1,2,2,2,2,2,0,1
20/11/2020,22.22,37.5,32.14,75,0,0,0,0,0,0,0,4,1,2,2,2,2,2,0,1
21/11/2020,22.22,37.5,32.14,75,0,0,0,0,0,0,0,4,1,2,2,2,2,2,0,1
22/11/2020,22.22,37.5,32.14,75,0,0,0,0,0,0,0,4,1,2,2,2,2,2,0,1
23/11/2020,22.22,37.5,32.14,75,0,0,0,0,0,0,0,4,1,2,2,2,2,2,0,1
24/11/2020,22.22,37.5,32.14,75,0,0,0,0,0,0,0,4,1,2,2,2,2,2,0,1
25/11/2020,22.22,37.5,32.14,75,0,0,0,0,0,0,0,4,1,2,2,2,2,2,0,1
26/11/2020,22.22,37.5,32.14,75,0,0,0,0,0,0,0,4,1,2,2,2,2,2,0,1
27/11/2020,22.22,37.5,32.14,75,0,0,0,0,0,0,0,4,1,2,2,2,2,2,0,1
28/11/2020,22.22,37.5,32.14,75,0,0,0,0,0,0,0,4,1,2,2,2,2,2,0,1
29/11/2020,22.22,37.5,32.14,75,0,0,0,0,0,0,0,4,1,2,2,2,2,2,0,1
30/11/2020,22.22,37.5,32.14,75,0,0,0,0,0,0,0,4,1,2,2,2,2,2,0,1
1/12/2020,22.22,37.5,32.14,75,0,0,0,0,0,0,0,4,1,2,2,2,2,2,0,1
2/12/2020,22.22,37.5,32.14,75,0,0,0,0,0,0,0,4,1,2,2,2,2,2,0,1
3/12/2020,22.22,37.5,32.14,75,0,0,0,0,0,0,0,4,1,2,2,2,2,2,0,1
4/12/2020,22.22,37.5,32.14,75,0,0,0,0,0,0,0,4,1,2,2,2,2,2,0,1
5/12/2020,22.22,37.5,32.14,75,0,0,0,0,0,0,0,4,1,2,2,2,2,2,0,1
6/12/2020,22.22,37.5,32.14,75,0,0,0,0,0,0,0,4,1,2,2,2,2,2,0,1
7/12/2020,22.22,37.5,32.14,75,0,0,0,0,0,0,0,4,1,2,2,2,2,2,0,1
8/12/2020,22.22,37.5,32.14,75,0,0,0,0,0,0,0,4,1,2,2,2,2,2,0,1
9/12/2020,22.22,37.5,32.14,75,0,0,0,0,0,0,0,4,1,2,2,2,2,2,0,1
10/12/2020,22.22,37.5,32.14,75,0,0,0,0,0,0,0,4,1,2,2,2,2,2,0,1
11/12/2020,22.22,37.5,32.14,75,0,0,0,0,0,0,0,4,1,2,2,2,2,2,0,1
12/12/2020,22.22,37.5,32.14,75,0,0,0,0,0,0,0,4,1,2,2,2,2,2,0,1
13/12/2020,22.22,37.5,32.14,75,0,0,0,0,0,0,0,4,1,2,2,2,2,2,0,1
14/12/2020,22.22,37.5,32.14,75,0,0,0,0,0,0,0,4,1,2,2,2,2,2,0,1
15/12/2020,22.22,37.5,32.14,75,0,0,0,0,0,0,0,4,1,2,2,2,2,2,0,1
16/12/2020,22.22,37.5,32.14,75,0,0,0,0,0,0,0,4,1,2,2,2,2,2,0,1
17/12/2020,22.22,37.5,32.14,75,0,0,0,0,0,0,0,4,1,2,2,2,2,2,0,1
18/12/2020,22.22,37.5,32.14,75,0,0,0,0,0,0,0,4,1,2,2,2,2,2,0,1
19/12/2020,22.22,37.5,32.14,75,0,0,0,0,0,0,0,4,1,2,2,2,2,2,0,1
20/12/2020,22.22,37.5,32.14,75,0,0,0,0,0,0,0,4,1,2,2,2,2,2,0,1
21/12/2020,22.22,37.5,32.14,75,0,0,0,0,0,0,0,4,1,2,2,2,2,2,0,1
22/12/2020,22.22,37.5,32.14,75,0,0,0,0,0,0,0,4,1,2,2,2,2,2,0,1
23/12/2020,22.22,37.5,32.14,75,0,0,0,0,0,0,0,4,1,2,2,2,2,2,0,1
24/12/2020,22.22,37.5,32.14,75,0,0,0,0,0,0,0,4,1,2,2,2,2,2,0,1
25/12/2020,22.22,37.5,32.14,75,0,0,0,0,0,0,0,4,1,2,2,2,2,2,0,1
26/12/2020,22.22,37.5,32.14,75,0,0,0,0,0,0,0,4,1,2,2,2,2,2,0,1
27/12/2020,22.22,37.5,32.14,75,0,0,0,0,0,0,0,4,1,2,2,2,2,2,0,1
28/12/2020,22.22,37.5,32.14,75,0,0,0,0,0,0,0,4,1,2,2,2,2,2,0,1
29/12/2020,22.22,37.5,32.14,75,0,0,0,0,0,0,0,4,1,2,2,2,2,2,0,1
30/12/2020,22.22,37.5,32.14,75,0,0,0,0,0,0,0,4,1,2,2,2,2,2,0,1
31/12/2020,22.22,37.5,32.14,75,0,0,0,0,0,0,0,4,1,2,2,2,2,2,0,1
1/01/2021,22.22,39.58,34.52,75,0,0,0,0,0,0,0,4,1,2,2,3,2,2,0,1
2/01/2021,22.22,39.58,34.52,75,0,0,0,0,0,0,0,4,1,2,2,3,2,2,0,1
3/01/2021,22.22,39.58,34.52,75,0,0,0,0,0,0,0,4,1,2,2,3,2,2,0,1
4/01/2021,22.22,39.58,34.52,75,0,0,0,0,0,0,0,4,1,2,2,3,2,2,0,1
5/01/2021,22.22,39.58,34.52,75,0,0,0,0,0,0,0,4,1,2,2,3,2,2,0,1
6/01/2021,22.22,39.58,34.52,75,0,0,0,0,0,0,0,4,1,2,2,3,2,2,0,1
7/01/2021,22.22,39.58,34.52,75,0,0,0,0,0,0,0,4,1,2,2,3,2,2,0,1
8/01/2021,22.22,39.58,34.52,75,0,0,0,0,0,0,0,4,1,2,2,3,2,2,0,1
9/01/2021,22.22,39.58,34.52,75,0,0,0,0,0,0,0,4,1,2,2,3,2,2,0,1
10/01/2021,22.22,39.58,34.52,75,0,0,0,0,0,0,0,4,1,2,2,3,2,2,0,1
11/01/2021,22.22,39.58,34.52,75,0,0,0,0,0,0,0,4,1,2,2,3,2,2,0,1
12/01/2021,22.22,39.58,34.52,75,0,0,0,0,0,0,0,4,1,2,2,3,2,2,0,1
13/01/2021,22.22,39.58,34.52,75,0,0,0,0,0,0,0,4,1,2,2,3,2,2,0,1
14/01/2021,22.22,39.58,34.52,75,0,0,0,0,0,0,0,4,1,2,2,3,2,2,0,1
15/01/2021,22.22,39.58,34.52,75,0,0,0,0,0,0,0,4,1,2,2,3,2,2,0,1
16/01/2021,22.22,39.58,34.52,75,0,0,0,0,0,0,0,4,1,2,2,3,2,2,0,1
17/01/2021,22.22,39.58,34.52,75,0,0,0,0,0,0,0,4,1,2,2,3,2,2,0,1
18/01/2021,22.22,39.58,34.52,75,0,0,0,0,0,0,0,4,1,2,2,3,2,2,0,1
19/01/2021,22.22,39.58,34.52,75,0,0,0,0,0,0,0,4,1,2,2,3,2,2,0,1
20/01/2021,22.22,35.42,29.76,75,0,0,0,0,0,0,0,4,1,2,2,2,2,2,0,0
21/01/2021,22.22,35.42,29.76,75,0,0,0,0,0,0,0,4,1,2,2,2,2,2,0,0
22/01/2021,22.22,35.42,29.76,75,0,0,0,0,0,0,0,4,1,2,2,2,2,2,0,0
23/01/2021,22.22,35.42,29.76,75,0,0,0,0,0,0,0,4,1,2,2,2,2,2,0,0
24/01/2021,22.22,35.42,29.76,75,0,0,0,0,0,0,0,4,1,2,2,2,2,2,0,0
25/01/2021,22.22,35.42,29.76,75,0,0,0,0,0,0,0,4,1,2,2,2,2,2,0,0
26/01/2021,22.22,35.42,29.76,75,0,0,0,0,0,0,0,4,1,2,2,2,2,2,0,0
27/01/2021,22.22,35.42,29.76,75,0,0,0,0,0,0,0,4,1,2,2,2,2,2,0,0
28/01/2021,22.22,35.42,29.76,75,0,0,0,0,0,0,0,4,1,2,2,2,2,2,0,0
29/01/2021,22.22,35.42,29.76,75,0,0,0,0,0,0,0,4,1,2,2,2,2,2,0,0
30/01/2021,22.22,35.42,29.76,75,0,0,0,0,0,0,0,4,1,2,2,2,2,2,0,0
31/01/2021,22.22,35.42,29.76,75,0,0,0,0,0,0,0,4,1,2,2,2,2,2,0,0
1/02/2021,22.22,35.42,29.76,75,0,0,0,0,0,0,0,4,1,2,2,2,2,2,0,0
2/02/2021,22.22,35.42,29.76,75,0,0,0,0,0,0,0,4,1,2,2,2,2,2,0,0
3/02/2021,22.22,35.42,29.76,75,0,0,0,0,0,0,0,4,1,2,2,2,2,2,0,0
4/02/2021,22.22,35.42,29.76,75,0,0,0,0,0,0,0,4,1,2,2,2,2,2,0,0
5/02/2021,22.22,35.42,29.76,75,0,0,0,0,0,0,0,4,1,2,2,2,2,2,0,0
6/02/2021,22.22,35.42,29.76,75,0,0,0,0,0,0,0,4,1,2,2,2,2,2,0,0
7/02/2021,22.22,35.42,29.76,75,0,0,0,0,0,0,0,4,1,2,2,2,2,2,0,0
8/02/2021,22.22,35.42,29.76,75,0,0,0,0,0,0,0,4,1,2,2,2,2,2,0,0
9/02/2021,22.22,35.42,29.76,75,0,0,0,0,0,0,0,4,1,2,2,2,2,2,0,0
10/02/2021,22.22,35.42,29.76,75,0,0,0,0,0,0,0,4,1,2,2,2,2,2,0,0
11/02/2021,22.22,35.42,29.76,75,0,0,0,0,0,0,0,4,1,2,2,2,2,2,0,0
12/02/2021,22.22,35.42,29.76,75,0,0,0,0,0,0,0,4,1,2,2,2,2,2,0,0
13/02/2021,22.22,35.42,29.76,75,0,0,0,0,0,0,0,4,1,2,2,2,2,2,0,0
14/02/2021,22.22,35.42,29.76,75,0,0,0,0,0,0,0,4,1,2,2,2,2,2,0,0
15/02/2021,62.5,58.07,55.65,75,2,2,2,4,0,0,2,4,1,2,2,2,2,2,0,0
16/02/2021,62.5,58.07,55.65,75,2,2,2,4,0,0,2,4,1,2,2,2,2,2,0,0
17/02/2021,62.5,58.07,55.65,75,2,2,2,4,0,0,2,4,1,2,2,2,2,2,0,0
18/02/2021,39.35,45.05,40.77,75,0,1,2,3,0,0,0,4,1,2,2,2,2,2,0,0
19/02/2021,39.35,46.3,42.2,75,0,1,2,3,0,0,0,4,1,2,2,2,2,2,1,0
20/02/2021,39.35,46.3,42.2,75,0,1,2,3,0,0,0,4,1,2,2,2,2,2,1,0
21/02/2021,39.35,46.3,42.2,75,0,1,2,3,0,0,0,4,1,2,2,2,2,2,1,0
22/02/2021,39.35,46.3,42.2,75,0,1,2,3,0,0,0,4,1,2,2,2,2,2,1,0
23/02/2021,39.35,46.3,42.2,75,0,1,2,3,0,0,0,4,1,2,2,2,2,2,1,0
24/02/2021,39.35,46.3,42.2,75,0,1,2,3,0,0,0,4,1,2,2,2,2,2,1,0
25/02/2021,39.35,46.3,42.2,75,0,1,2,3,0,0,0,4,1,2,2,2,2,2,1,0
26/02/2021,39.35,46.3,42.2,75,0,1,2,3,0,0,0,4,1,2,2,2,2,2,1,0
27/02/2021,39.35,46.3,42.2,75,0,1,2,3,0,0,0,4,1,2,2,2,2,2,1,0
28/02/2021,62.5,59.32,57.08,75,2,2,2,4,0,0,2,4,1,2,2,2,2,2,1,0
1/03/2021,62.5,59.32,57.08,75,2,2,2,4,0,0,2,4,1,2,2,2,2,2,1,0
2/03/2021,62.5,59.32,57.08,75,2,2,2,4,0,0,2,4,1,2,2,2,2,2,1,0
3/03/2021,62.5,59.32,57.08,75,2,2,2,4,0,0,2,4,1,2,2,2,2,2,1,0
4/03/2021,62.5,59.32,57.08,75,2,2,2,4,0,0,2,4,1,2,2,2,2,2,1,0
5/03/2021,62.5,59.32,57.08,75,2,2,2,4,0,0,2,4,1,2,2,2,2,2,1,0
6/03/2021,62.5,59.32,57.08,75,2,2,2,4,0,0,2,4,1,2,2,2,2,2,1,0
7/03/2021,36.57,44.74,40.42,75,0,1,2,2,0,0,0,4,1,2,2,2,2,2,1,0
8/03/2021,36.57,44.74,40.42,75,0,1,2,2,0,0,0,4,1,2,2,2,2,2,1,0
9/03/2021,36.57,44.74,40.42,75,0,1,2,2,0,0,0,4,1,2,2,2,2,2,1,0
10/03/2021,36.57,44.74,40.42,75,0,1,2,2,0,0,0,4,1,2,2,2,2,2,1,0
11/03/2021,36.57,44.74,40.42,75,0,1,2,2,0,0,0,4,1,2,2,2,2,2,1,0
12/03/2021,22.22,36.67,31.19,75,0,0,0,0,0,0,0,4,1,2,2,2,2,2,1,0
13/03/2021,22.22,36.67,31.19,75,0,0,0,0,0,0,0,4,1,2,2,2,2,2,1,0
14/03/2021,22.22,36.67,31.19,75,0,0,0,0,0,0,0,4,1,2,2,2,2,2,1,0
15/03/2021,22.22,36.67,31.19,75,0,0,0,0,0,0,0,4,1,2,2,2,2,2,1,0
16/03/2021,22.22,36.67,31.19,75,0,0,0,0,0,0,0,4,1,2,2,2,2,2,1,0
17/03/2021,22.22,36.67,31.19,75,0,0,0,0,0,0,0,4,1,2,2,2,2,2,1,0
18/03/2021,22.22,36.67,31.19,75,0,0,0,0,0,0,0,4,1,2,2,2,2,2,1,0
19/03/2021,22.22,37.92,32.62,75,0,0,0,0,0,0,0,4,1,2,2,2,2,2,2,0
20/03/2021,22.22,37.92,32.62,75,0,0,0,0,0,0,0,4,1,2,2,2,2,2,2,0
21/03/2021,22.22,37.92,32.62,75,0,0,0,0,0,0,0,4,1,2,2,2,2,2,2,0
22/03/2021,22.22,37.92,32.62,75,0,0,0,0,0,0,0,4,1,2,2,2,2,2,2,0
23/03/2021,22.22,37.92,32.62,75,0,0,0,0,0,0,0,4,1,2,2,2,2,2,2,0
24/03/2021,22.22,37.92,32.62,75,0,0,0,0,0,0,0,4,1,2,2,2,2,2,2,0
25/03/2021,22.22,37.92,32.62,75,0,0,0,0,0,0,0,4,1,2,2,2,2,2,2,0
26/03/2021,22.22,37.92,32.62,75,0,0,0,0,0,0,0,4,1,2,2,2,2,2,2,0
27/03/2021,22.22,37.92,32.62,75,0,0,0,0,0,0,0,4,1,2,2,2,2,2,2,0
28/03/2021,22.22,37.92,32.62,75,0,0,0,0,0,0,0,4,1,2,2,2,2,2,2,0
29/03/2021,22.22,37.92,32.62,75,0,0,0,0,0,0,0,4,1,2,2,2,2,2,2,0
30/03/2021,22.22,37.92,32.62,75,0,0,0,0,0,0,0,4,1,2,2,2,2,2,2,0
31/03/2021,22.22,37.92,32.62,75,0,0,0,0,0,0,0,4,1,2,2,2,2,2,2,0
1/04/2021,22.22,37.92,32.62,75,0,0,0,0,0,0,0,4,1,2,2,2,2,2,2,0
2/04/2021,22.22,37.92,32.62,75,0,0,0,0,0,0,0,4,1,2,2,2,2,2,2,0
3/04/2021,22.22,37.92,32.62,75,0,0,0,0,0,0,0,4,1,2,2,2,2,2,2,0
4/04/2021,22.22,37.92,32.62,75,0,0,0,0,0,0,0,4,1,2,2,2,2,2,2,0
5/04/2021,22.22,37.92,32.62,75,0,0,0,0,0,0,0,4,1,2,2,2,2,2,2,0
6/04/2021,22.22,37.92,32.62,75,0,0,0,0,0,0,0,4,1,2,2,2,2,2,2,0
7/04/2021,22.22,37.92,32.62,75,0,0,0,0,0,0,0,4,1,2,2,2,2,2,2,0
8/04/2021,22.22,37.92,32.62,75,0,0,0,0,0,0,0,4,1,2,2,2,2,2,2,0
9/04/2021,22.22,37.92,32.62,75,0,0,0,0,0,0,0,4,1,2,2,2,2,2,2,0
10/04/2021,22.22,37.92,32.62,75,0,0,0,0,0,0,0,4,1,2,2,2,2,2,2,0
11/04/2021,22.22,37.92,32.62,75,0,0,0,0,0,0,0,4,1,2,2,2,2,2,2,0
12/04/2021,22.22,37.92,32.62,75,0,0,0,0,0,0,0,4,1,2,2,2,2,2,2,0
13/04/2021,22.22,37.92,32.62,75,0,0,0,0,0,0,0,4,1,2,2,2,2,2,2,0
14/04/2021,22.22,37.92,32.62,75,0,0,0,0,0,0,0,4,1,2,2,2,2,2,2,0
15/04/2021,22.22,37.92,32.62,75,0,0,0,0,0,0,0,4,1,2,2,2,2,2,2,0
16/04/2021,22.22,37.92,32.62,75,0,0,0,0,0,0,0,4,1,2,2,2,2,2,2,0
17/04/2021,22.22,37.92,32.62,75,0,0,0,0,0,0,0,4,1,2,2,2,2,2,2,0
18/04/2021,22.22,37.92,32.62,75,0,0,0,0,0,0,0,4,1,2,2,2,2,2,2,0
19/04/2021,22.22,37.92,32.62,75,0,0,0,0,0,0,0,4,1,2,2,2,2,2,2,0
20/04/2021,22.22,37.92,32.62,75,0,0,0,0,0,0,0,4,1,2,2,2,2,2,2,0
21/04/2021,22.22,37.92,32.62,75,0,0,0,0,0,0,0,4,1,2,2,2,2,2,2,0
22/04/2021,22.22,37.92,32.62,75,0,0,0,0,0,0,0,4,1,2,2,2,2,2,2,0
23/04/2021,22.22,37.92,32.62,75,0,0,0,0,0,0,0,4,1,2,2,2,2,2,2,0
24/04/2021,22.22,37.92,32.62,75,0,0,0,0,0,0,0,4,1,2,2,2,2,2,2,0
25/04/2021,22.22,37.92,32.62,75,0,0,0,0,0,0,0,4,1,2,2,2,2,2,2,0
26/04/2021,22.22,37.92,32.62,75,0,0,0,0,0,0,0,4,1,2,2,2,2,2,2,0
27/04/2021,22.22,40.42,35.48,75,0,0,0,0,0,0,0,4,1,2,2,2,2,2,4,0
28/04/2021,22.22,40.42,35.48,75,0,0,0,0,0,0,0,4,1,2,2,2,2,2,4,0
29/04/2021,22.22,40.42,35.48,75,0,0,0,0,0,0,0,4,1,2,2,2,2,2,4,0
30/04/2021,22.22,40.42,35.48,75,0,0,0,0,0,0,0,4,1,2,2,2,2,2,4,0
1/05/2021,22.22,40.42,35.48,75,0,0,0,0,0,0,0,4,1,2,2,2,2,2,4,0
2/05/2021,22.22,40.42,35.48,75,0,0,0,0,0,0,0,4,1,2,2,2,2,2,4,0
3/05/2021,22.22,40.42,35.48,75,0,0,0,0,0,0,0,4,1,2,2,2,2,2,4,0
4/05/2021,22.22,40.42,35.48,75,0,0,0,0,0,0,0,4,1,2,2,2,2,2,4,0
5/05/2021,22.22,40.42,35.48,75,0,0,0,0,0,0,0,4,1,2,2,2,2,2,4,0
6/05/2021,22.22,40.42,35.48,75,0,0,0,0,0,0,0,4,1,2,2,2,2,2,4,0
7/05/2021,22.22,40.42,35.48,75,0,0,0,0,0,0,0,4,1,2,2,2,2,2,4,0
8/05/2021,22.22,40.42,35.48,75,0,0,0,0,0,0,0,4,1,2,2,2,2,2,4,0
9/05/2021,22.22,40.42,35.48,75,0,0,0,0,0,0,0,4,1,2,2,2,2,2,4,0
10/05/2021,22.22,40.42,35.48,75,0,0,0,0,0,0,0,4,1,2,2,2,2,2,4,0
11/05/2021,22.22,40.42,35.48,75,0,0,0,0,0,0,0,4,1,2,2,2,2,2,4,0
12/05/2021,22.22,40.42,35.48,75,0,0,0,0,0,0,0,4,1,2,2,2,2,2,4,0
13/05/2021,22.22,40.42,35.48,75,0,0,0,0,0,0,0,4,1,2,2,2,2,2,4,0
14/05/2021,22.22,37.92,32.62,75,0,0,0,0,0,0,0,4,1,2,2,2,2,2,2,0
15/05/2021,22.22,37.92,32.62,75,0,0,0,0,0,0,0,4,1,2,2,2,2,2,2,0
16/05/2021,22.22,37.92,32.62,75,0,0,0,0,0,0,0,4,1,2,2,2,2,2,2,0
17/05/2021,22.22,37.92,32.62,75,0,0,0,0,0,0,0,4,1,2,2,2,2,2,2,0
18/05/2021,22.22,37.92,32.62,75,0,0,0,0,0,0,0,4,1,2,2,2,2,2,2,0
19/05/2021,22.22,37.92,32.62,75,0,0,0,0,0,0,0,4,1,2,2,2,2,2,2,0
20/05/2021,22.22,37.92,32.62,75,0,0,0,0,0,0,0,4,1,2,2,2,2,2,2,0
21/05/2021,22.22,37.92,32.62,75,0,0,0,0,0,0,0,4,1,2,2,2,2,2,2,0
22/05/2021,22.22,37.92,32.62,75,0,0,0,0,0,0,0,4,1,2,2,2,2,2,2,0
23/05/2021,22.22,37.92,32.62,75,0,0,0,0,0,0,0,4,1,2,2,2,2,2,2,0
24/05/2021,22.22,37.92,32.62,75,0,0,0,0,0,0,0,4,1,2,2,2,2,2,2,0
25/05/2021,22.22,37.92,32.62,75,0,0,0,0,0,0,0,4,1,2,2,2,2,2,2,0
26/05/2021,22.22,37.92,32.62,75,0,0,0,0,0,0,0,4,1,2,2,2,2,2,2,0
27/05/2021,22.22,37.92,32.62,75,0,0,0,0,0,0,0,4,1,2,2,2,2,2,2,0
28/05/2021,22.22,37.92,32.62,75,0,0,0,0,0,0,0,4,1,2,2,2,2,2,2,0
29/05/2021,22.22,37.92,32.62,75,0,0,0,0,0,0,0,4,1,2,2,2,2,2,2,0
30/05/2021,22.22,37.92,32.62,75,0,0,0,0,0,0,0,4,1,2,2,2,2,2,2,0
31/05/2021,22.22,37.92,32.62,75,0,0,0,0,0,0,0,4,1,2,2,2,2,2,2,0
1/06/2021,22.22,39.17,34.05,75,0,0,0,0,0,0,0,4,1,2,2,2,2,2,3,0
2/06/2021,22.22,39.17,34.05,75,0,0,0,0,0,0,0,4,1,2,2,2,2,2,3,0
3/06/2021,22.22,39.17,34.05,75,0,0,0,0,0,0,0,4,1,2,2,2,2,2,3,0
4/06/2021,22.22,39.17,34.05,75,0,0,0,0,0,0,0,4,1,2,2,2,2,2,3,0
5/06/2021,22.22,39.17,34.05,75,0,0,0,0,0,0,0,4,1,2,2,2,2,2,3,0
6/06/2021,22.22,39.17,34.05,75,0,0,0,0,0,0,0,4,1,2,2,2,2,2,3,0
7/06/2021,22.22,39.17,34.05,75,0,0,0,0,0,0,0,4,1,2,2,2,2,2,3,0
8/06/2021,22.22,39.17,34.05,75,0,0,0,0,0,0,0,4,1,2,2,2,2,2,3,0
9/06/2021,22.22,39.17,34.05,75,0,0,0,0,0,0,0,4,1,2,2,2,2,2,3,0
10/06/2021,22.22,39.17,34.05,75,0,0,0,0,0,0,0,4,1,2,2,2,2,2,3,0
11/06/2021,22.22,39.17,34.05,75,0,0,0,0,0,0,0,4,1,2,2,2,2,2,3,0
12/06/2021,22.22,39.17,34.05,75,0,0,0,0,0,0,0,4,1,2,2,2,2,2,3,0
13/06/2021,22.22,39.17,34.05,75,0,0,0,0,0,0,0,4,1,2,2,2,2,2,3,0
14/06/2021,22.22,39.17,34.05,75,0,0,0,0,0,0,0,4,1,2,2,2,2,2,3,0
15/06/2021,22.22,39.17,34.05,75,0,0,0,0,0,0,0,4,1,2,2,2,2,2,3,0
16/06/2021,22.22,39.17,34.05,75,0,0,0,0,0,0,0,4,1,2,2,2,2,2,3,0
17/06/2021,22.22,39.17,34.05,75,0,0,0,0,0,0,0,4,1,2,2,2,2,2,3,0
18/06/2021,22.22,39.17,34.05,75,0,0,0,0,0,0,0,4,1,2,2,2,2,2,3,0
19/06/2021,22.22,39.17,34.05,75,0,0,0,0,0,0,0,4,1,2,2,2,2,2,3,0
20/06/2021,22.22,39.17,34.05,75,0,0,0,0,0,0,0,4,1,2,2,2,2,2,3,0
21/06/2021,22.22,39.17,34.05,75,0,0,0,0,0,0,0,4,1,2,2,2,2,2,3,0
22/06/2021,22.22,39.17,34.05,75,0,0,0,0,0,0,0,4,1,2,2,2,2,2,3,0
23/06/2021,22.22,39.17,34.05,75,0,0,0,0,0,0,0,4,1,2,2,2,2,2,3,0
24/06/2021,22.22,39.17,34.05,75,0,0,0,0,0,0,0,4,1,2,2,2,2,2,3,0
25/06/2021,22.22,39.17,34.05,75,0,0,0,0,0,0,0,4,1,2,2,2,2,2,3,0
26/06/2021,22.22,39.17,34.05,75,0,0,0,0,0,0,0,4,1,2,2,2,2,2,3,0
27/06/2021,22.22,39.17,34.05,75,0,0,0,0,0,0,0,4,1,2,2,2,2,2,3,0
28/06/2021,22.22,39.17,34.05,75,0,0,0,0,0,0,0,4,1,2,2,2,2,2,3,0
29/06/2021,22.22,39.17,34.05,75,0,0,0,0,0,0,0,4,1,2,2,2,2,2,3,0
30/06/2021,22.22,39.17,34.05,75,0,0,0,0,0,0,0,4,1,2,2,2,2,2,3,0
1/07/2021,22.22,39.17,34.05,75,0,0,0,0,0,0,0,4,1,2,2,2,2,2,3,0
2/07/2021,22.22,39.17,34.05,75,0,0,0,0,0,0,0,4,1,2,2,2,2,2,3,0
3/07/2021,22.22,39.17,34.05,75,0,0,0,0,0,0,0,4,1,2,2,2,2,2,3,0
4/07/2021,22.22,39.17,34.05,75,0,0,0,0,0,0,0,4,1,2,2,2,2,2,3,0
5/07/2021,22.22,39.17,34.05,75,0,0,0,0,0,0,0,4,1,2,2,2,2,2,3,0
6/07/2021,22.22,39.17,34.05,75,0,0,0,0,0,0,0,4,1,2,2,2,2,2,3,0
7/07/2021,22.22,39.17,34.05,75,0,0,0,0,0,0,0,4,1,2,2,2,2,2,3,0
8/07/2021,22.22,39.17,34.05,75,0,0,0,0,0,0,0,4,1,2,2,2,2,2,3,0
9/07/2021,22.22,39.17,34.05,75,0,0,0,0,0,0,0,4,1,2,2,2,2,2,3,0
10/07/2021,22.22,39.17,34.05,75,0,0,0,0,0,0,0,4,1,2,2,2,2,2,3,0
11/07/2021,22.22,39.17,34.05,75,0,0,0,0,0,0,0,4,1,2,2,2,2,2,3,0
12/07/2021,22.22,39.17,34.05,75,0,0,0,0,0,0,0,4,1,2,2,2,2,2,3,0
13/07/2021,22.22,39.17,34.05,75,0,0,0,0,0,0,0,4,1,2,2,2,2,2,3,0
14/07/2021,22.22,39.17,34.05,75,0,0,0,0,0,0,0,4,1,2,2,2,2,2,3,0
15/07/2021,22.22,39.17,34.05,75,0,0,0,0,0,0,0,4,1,2,2,2,2,2,3,0
16/07/2021,22.22,39.17,34.05,75,0,0,0,0,0,0,0,4,1,2,2,2,2,2,3,0
17/07/2021,22.22,39.17,34.05,75,0,0,0,0,0,0,0,4,1,2,2,2,2,2,3,0
18/07/2021,22.22,39.17,34.05,75,0,0,0,0,0,0,0,4,1,2,2,2,2,2,3,0
19/07/2021,22.22,39.17,34.05,75,0,0,0,0,0,0,0,4,1,2,2,2,2,2,3,0
20/07/2021,22.22,39.17,34.05,75,0,0,0,0,0,0,0,4,1,2,2,2,2,2,3,0
21/07/2021,22.22,39.17,34.05,75,0,0,0,0,0,0,0,4,1,2,2,2,2,2,3,0
22/07/2021,22.22,39.17,34.05,75,0,0,0,0,0,0,0,4,1,2,2,2,2,2,3,0
23/07/2021,22.22,39.17,34.05,75,0,0,0,0,0,0,0,4,1,2,2,2,2,2,3,0
24/07/2021,22.22,39.17,34.05,75,0,0,0,0,0,0,0,4,1,2,2,2,2,2,3,0
25/07/2021,22.22,39.17,34.05,75,0,0,0,0,0,0,0,4,1,2,2,2,2,2,3,0
26/07/2021,22.22,39.17,34.05,75,0,0,0,0,0,0,0,4,1,2,2,2,2,2,3,0
27/07/2021,22.22,39.17,34.05,75,0,0,0,0,0,0,0,4,1,2,2,2,2,2,3,0
28/07/2021,22.22,40.42,35.48,75,0,0,0,0,0,0,0,4,1,2,2,2,2,2,4,0
29/07/2021,22.22,40.42,35.48,75,0,0,0,0,0,0,0,4,1,2,2,2,2,2,4,0
30/07/2021,22.22,40.42,35.48,75,0,0,0,0,0,0,0,4,1,2,2,2,2,2,4,0
31/07/2021,22.22,40.42,35.48,75,0,0,0,0,0,0,0,4,1,2,2,2,2,2,4,0
1/08/2021,22.22,40.42,35.48,75,0,0,0,0,0,0,0,4,1,2,2,2,2,2,4,0
2/08/2021,22.22,40.42,35.48,75,0,0,0,0,0,0,0,4,1,2,2,2,2,2,4,0
3/08/2021,22.22,40.42,35.48,75,0,0,0,0,0,0,0,4,1,2,2,2,2,2,4,0
4/08/2021,22.22,40.42,35.48,75,0,0,0,0,0,0,0,4,1,2,2,2,2,2,4,0
5/08/2021,22.22,40.42,35.48,75,0,0,0,0,0,0,0,4,1,2,2,2,2,2,4,0
6/08/2021,22.22,40.42,35.48,75,0,0,0,0,0,0,0,4,1,2,2,2,2,2,4,0
7/08/2021,22.22,40.42,35.48,75,0,0,0,0,0,0,0,4,1,2,2,2,2,2,4,0
8/08/2021,22.22,40.42,35.48,75,0,0,0,0,0,0,0,4,1,2,2,2,2,2,4,0
9/08/2021,22.22,40.42,35.48,75,0,0,0,0,0,0,0,4,1,2,2,2,2,2,4,0
10/08/2021,22.22,40.42,35.48,75,0,0,0,0,0,0,0,4,1,2,2,2,2,2,4,0
11/08/2021,22.22,40.42,35.48,75,0,0,0,0,0,0,0,4,1,2,2,2,2,2,4,0
12/08/2021,22.22,40.42,35.48,75,0,0,0,0,0,0,0,4,1,2,2,2,2,2,4,0
13/08/2021,22.22,40.42,35.48,75,0,0,0,0,0,0,0,4,1,2,2,2,2,2,4,0
14/08/2021,22.22,40.42,35.48,75,0,0,0,0,0,0,0,4,1,2,2,2,2,2,4,0
15/08/2021,22.22,40.42,35.48,75,0,0,0,0,0,0,0,4,1,2,2,2,2,2,4,0
16/08/2021,22.22,40.42,35.48,75,0,0,0,0,0,0,0,4,1,2,2,2,2,2,4,0
17/08/2021,96.3,88.33,90.24,75,3,3,2,4,2,2,2,4,1,2,2,2,2,2,4,3
18/08/2021,96.3,88.33,90.24,75,3,3,2,4,2,2,2,4,1,2,2,2,2,2,4,3
19/08/2021,96.3,88.33,90.24,75,3,3,2,4,2,2,2,4,1,2,2,2,2,2,4,3
20/08/2021,96.3,88.33,90.24,75,3,3,2,4,2,2,2,4,1,2,2,2,2,2,4,3
21/08/2021,96.3,88.33,90.24,75,3,3,2,4,2,2,2,4,1,2,2,2,2,2,4,3
22/08/2021,96.3,88.33,90.24,75,3,3,2,4,2,2,2,4,1,2,2,2,2,2,4,3
23/08/2021,96.3,88.33,90.24,75,3,3,2,4,2,2,2,4,1,2,2,2,2,2,4,3
24/08/2021,96.3,88.33,90.24,75,3,3,2,4,2,2,2,4,1,2,2,2,2,2,4,3
25/08/2021,96.3,89.9,92.02,75,3,3,2,4,2,2,2,4,1,2,2,2,2,3,4,3
26/08/2021,96.3,89.9,92.02,75,3,3,2,4,2,2,2,4,1,2,2,2,2,3,4,3
27/08/2021,96.3,89.9,92.02,75,3,3,2,4,2,2,2,4,1,2,2,2,2,3,4,3
28/08/2021,96.3,89.9,92.02,75,3,3,2,4,2,2,2,4,1,2,2,2,2,3,4,3
29/08/2021,96.3,89.9,92.02,75,3,3,2,4,2,2,2,4,1,2,2,2,2,3,4,3
30/08/2021,96.3,89.9,92.02,75,3,3,2,4,2,2,2,4,1,2,2,2,2,3,4,3
31/08/2021,96.3,89.9,92.02,75,3,3,2,4,2,2,2,4,1,2,2,2,2,3,4,3
1/09/2021,96.3,91.15,93.45,75,3,3,2,4,2,2,2,4,1,2,2,2,2,3,5,3
2/09/2021,96.3,91.15,93.45,75,3,3,2,4,2,2,2,4,1,2,2,2,2,3,5,3
3/09/2021,96.3,91.15,93.45,75,3,3,2,4,2,2,2,4,1,2,2,2,2,3,5,3
4/09/2021,96.3,91.15,93.45,75,3,3,2,4,2,2,2,4,1,2,2,2,2,3,5,3
5/09/2021,96.3,91.15,93.45,75,3,3,2,4,2,2,2,4,1,2,2,2,2,3,5,3
6/09/2021,96.3,91.15,93.45,75,3,3,2,4,2,2,2,4,1,2,2,2,2,3,5,3
7/09/2021,81.02,80.73,81.55,75,3,3,2,4,2,2,2,4,1,2,2,2,2,3,5,3
8/09/2021,81.02,80.73,81.55,75,3,3,2,4,2,2,2,4,1,2,2,2,2,3,5,3
9/09/2021,81.02,80.73,81.55,75,3,3,2,4,2,2,2,4,1,2,2,2,2,3,5,3
10/09/2021,81.02,80.73,81.55,75,3,3,2,4,2,2,2,4,1,2,2,2,2,3,5,3
11/09/2021,81.02,80.73,81.55,75,3,3,2,4,2,2,2,4,1,2,2,2,2,3,5,3
12/09/2021,81.02,80.73,81.55,75,3,3,2,4,2,2,2,4,1,2,2,2,2,3,5,3
13/09/2021,81.02,80.73,81.55,75,3,3,2,4,2,2,2,4,1,2,2,2,2,3,5,3
14/09/2021,81.02,80.73,81.55,75,3,3,2,4,2,2,2,4,1,2,2,2,2,3,5,3
15/09/2021,81.02,80.73,81.55,75,3,3,2,4,2,2,2,4,1,2,2,2,2,3,5,3
16/09/2021,81.02,77.6,77.98,75,3,3,2,4,2,2,2,4,1,2,2,2,2,3,5,1
17/09/2021,81.02,77.6,77.98,75,3,3,2,4,2,2,2,4,1,2,2,2,2,3,5,1
18/09/2021,81.02,77.6,77.98,75,3,3,2,4,2,2,2,4,1,2,2,2,2,3,5,1
19/09/2021,81.02,77.6,77.98,75,3,3,2,4,2,2,2,4,1,2,2,2,2,3,5,1
20/09/2021,81.02,77.6,77.98,75,3,3,2,4,2,2,2,4,1,2,2,2,2,3,5,1
21/09/2021,81.02,77.6,77.98,75,3,3,2,4,2,2,2,4,1,2,2,2,2,3,5,1
22/09/2021,81.02,77.6,77.98,75,3,3,2,4,2,2,2,4,1,2,2,2,2,3,5,1
23/09/2021,81.02,77.6,77.98,75,3,3,2,4,2,2,2,4,1,2,2,2,2,3,5,1
24/09/2021,81.02,77.6,77.98,75,3,3,2,4,2,2,2,4,1,2,2,2,2,3,5,1
25/09/2021,81.02,77.6,77.98,75,3,3,2,4,2,2,2,4,1,2,2,2,2,3,5,1
26/09/2021,81.02,77.6,77.98,75,3,3,2,4,2,2,2,4,1,2,2,2,2,3,5,1
27/09/2021,81.02,77.6,77.98,75,3,3,2,4,2,2,2,4,1,2,2,2,2,3,5,1
28/09/2021,81.02,77.6,77.98,75,3,3,2,4,2,2,2,4,1,2,2,2,2,3,5,1
29/09/2021,81.02,77.6,77.98,75,3,3,2,4,2,2,2,4,1,2,2,2,2,3,5,1
30/09/2021,81.02,77.6,77.98,75,3,3,2,4,2,2,2,4,1,2,2,2,2,3,5,1
1/10/2021,81.02,80.73,81.55,75,3,3,2,4,2,2,2,4,1,2,2,2,2,3,2,3
2/10/2021,81.02,80.73,81.55,75,3,3,2,4,2,2,2,4,1,2,2,2,2,3,2,3
3/10/2021,81.02,80.73,81.55,75,3,3,2,4,2,2,2,4,1,2,2,2,2,3,2,3
4/10/2021,81.02,80.73,81.55,75,3,3,2,4,2,2,2,4,1,2,2,2,2,3,2,3
5/10/2021,81.02,80.73,81.55,75,3,3,2,4,2,2,2,4,1,2,2,2,2,3,2,3
6/10/2021,81.02,80.73,81.55,75,3,3,2,4,2,2,2,4,1,2,2,2,2,3,2,3
7/10/2021,81.02,80.73,81.55,75,3,3,2,4,2,2,2,4,1,2,2,2,2,3,2,3
8/10/2021,81.02,80.73,81.55,75,3,3,2,4,2,2,2,4,1,2,2,2,2,3,2,3
9/10/2021,81.02,80.73,81.55,75,3,3,2,4,2,2,2,4,1,2,2,2,2,3,2,3
10/10/2021,81.02,80.73,81.55,75,3,3,2,4,2,2,2,4,1,2,2,2,2,3,2,3
11/10/2021,81.02,80.73,81.55,75,3,3,2,4,2,2,2,4,1,2,2,2,2,3,2,3
12/10/2021,81.02,80.73,81.55,75,3,3,2,4,2,2,2,4,1,2,2,2,2,3,2,3
13/10/2021,81.02,80.73,81.55,75,3,3,2,4,2,2,2,4,1,2,2,2,2,3,2,3
14/10/2021,81.02,80.73,81.55,75,3,3,2,4,2,2,2,4,1,2,2,2,2,3,2,3
15/10/2021,81.02,80.73,81.55,75,3,3,2,4,2,2,2,4,1,2,2,2,2,3,2,3
16/10/2021,81.02,80.73,81.55,75,3,3,2,4,2,2,2,4,1,2,2,2,2,3,2,3
17/10/2021,81.02,80.73,81.55,75,3,3,2,4,2,2,2,4,1,2,2,2,2,3,2,3
18/10/2021,81.02,80.73,81.55,75,3,3,2,4,2,2,2,4,1,2,2,2,2,3,2,3
19/10/2021,81.02,74.48,81.55,25,3,3,2,4,2,2,2,4,1,0,2,2,2,3,2,3
20/10/2021,81.02,74.48,81.55,25,3,3,2,4,2,2,2,4,1,0,2,2,2,3,2,3
21/10/2021,81.02,74.48,81.55,25,3,3,2,4,2,2,2,4,1,0,2,2,2,3,2,3
22/10/2021,81.02,74.48,81.55,25,3,3,2,4,2,2,2,4,1,0,2,2,2,3,2,3
23/10/2021,81.02,74.48,81.55,25,3,3,2,4,2,2,2,4,1,0,2,2,2,3,2,3
24/10/2021,81.02,74.48,81.55,25,3,3,2,4,2,2,2,4,1,0,2,2,2,3,2,3
25/10/2021,81.02,74.48,81.55,25,3,3,2,4,2,2,2,4,1,0,2,2,2,3,2,3
26/10/2021,81.02,74.48,81.55,25,3,3,2,4,2,2,2,4,1,0,2,2,2,3,2,3
27/10/2021,81.02,74.48,81.55,25,3,3,2,4,2,2,2,4,1,0,2,2,2,3,2,3
28/10/2021,81.02,74.48,81.55,25,3,3,2,4,2,2,2,4,1,0,2,2,2,3,2,3
29/10/2021,81.02,74.48,81.55,25,3,3,2,4,2,2,2,4,1,0,2,2,2,3,2,3
30/10/2021,81.02,74.48,81.55,25,3,3,2,4,2,2,2,4,1,0,2,2,2,3,2,3
31/10/2021,81.02,74.48,81.55,25,3,3,2,4,2,2,2,4,1,0,2,2,2,3,2,3
1/11/2021,81.02,74.48,81.55,25,3,3,2,4,2,2,2,4,1,0,2,2,2,3,2,3
2/11/2021,81.02,74.48,81.55,25,3,3,2,4,2,2,2,4,1,0,2,2,2,3,2,3
3/11/2021,81.02,74.48,81.55,25,3,3,2,4,2,2,2,4,1,0,2,2,2,3,2,3
4/11/2021,81.02,74.48,81.55,25,3,3,2,4,2,2,2,4,1,0,2,2,2,3,2,3
5/11/2021,81.02,74.48,81.55,25,3,3,2,4,2,2,2,4,1,0,2,2,2,3,2,3
6/11/2021,81.02,74.48,81.55,25,3,3,2,4,2,2,2,4,1,0,2,2,2,3,2,3
7/11/2021,81.02,74.48,81.55,25,3,3,2,4,2,2,2,4,1,0,2,2,2,3,2,3
8/11/2021,81.02,74.48,81.55,25,3,3,2,4,2,2,2,4,1,0,2,2,2,3,2,3
9/11/2021,78.24,72.92,79.76,25,3,3,2,3,2,2,2,4,1,0,2,2,2,3,2,3
10/11/2021,78.24,72.92,79.76,25,3,3,2,3,2,2,2,4,1,0,2,2,2,3,2,3
11/11/2021,78.24,72.92,79.76,25,3,3,2,3,2,2,2,4,1,0,2,2,2,3,2,3
12/11/2021,78.24,72.92,79.76,25,3,3,2,3,2,2,2,4,1,0,2,2,2,3,2,3
13/11/2021,78.24,72.92,79.76,25,3,3,2,3,2,2,2,4,1,0,2,2,2,3,2,3
14/11/2021,78.24,72.92,79.76,25,3,3,2,3,2,2,2,4,1,0,2,2,2,3,2,3
15/11/2021,78.24,72.92,79.76,25,3,3,2,3,2,2,2,4,1,0,2,2,2,3,2,3
16/11/2021,78.24,72.92,79.76,25,3,3,2,3,2,2,2,4,1,0,2,2,2,3,2,3
17/11/2021,78.24,72.92,79.76,25,3,3,2,3,2,2,2,4,1,0,2,2,2,3,2,3
18/11/2021,78.24,72.92,79.76,25,3,3,2,3,2,2,2,4,1,0,2,2,2,3,2,3
19/11/2021,78.24,72.92,79.76,25,3,3,2,3,2,2,2,4,1,0,2,2,2,3,2,3
20/11/2021,78.24,72.92,79.76,25,3,3,2,3,2,2,2,4,1,0,2,2,2,3,2,3
21/11/2021,78.24,72.92,79.76,25,3,3,2,3,2,2,2,4,1,0,2,2,2,3,2,3
22/11/2021,78.24,72.92,79.76,25,3,3,2,3,2,2,2,4,1,0,2,2,2,3,2,3
23/11/2021,78.24,72.92,79.76,25,3,3,2,3,2,2,2,4,1,0,2,2,2,3,2,3
24/11/2021,74.54,70.83,77.38,25,3,2,2,3,2,2,2,4,1,0,2,2,2,3,2,3
25/11/2021,74.54,70.83,77.38,25,3,2,2,3,2,2,2,4,1,0,2,2,2,3,2,3
26/11/2021,74.54,70.83,77.38,25,3,2,2,3,2,2,2,4,1,0,2,2,2,3,2,3
27/11/2021,74.54,70.83,77.38,25,3,2,2,3,2,2,2,4,1,0,2,2,2,3,2,3
28/11/2021,74.54,70.83,77.38,25,3,2,2,3,2,2,2,4,1,0,2,2,2,3,2,3
29/11/2021,74.54,70.83,77.38,25,3,2,2,3,2,2,2,4,1,0,2,2,2,3,2,3
30/11/2021,74.54,70.83,77.38,25,3,2,2,3,2,2,2,4,1,0,2,2,2,3,2,3
1/12/2021,74.54,70.83,77.38,25,3,2,2,3,2,2,2,4,1,0,2,2,2,3,2,3
2/12/2021,74.54,70.83,77.38,25,3,2,2,3,2,2,2,4,1,0,2,2,2,3,2,3
3/12/2021,65.28,65.62,71.43,25,3,1,1,3,2,2,2,4,1,0,2,2,2,3,2,3
4/12/2021,65.28,65.62,71.43,25,3,1,1,3,2,2,2,4,1,0,2,2,2,3,2,3
5/12/2021,65.28,65.62,71.43,25,3,1,1,3,2,2,2,4,1,0,2,2,2,3,2,3
6/12/2021,65.28,65.62,71.43,25,3,1,1,3,2,2,2,4,1,0,2,2,2,3,2,3
7/12/2021,65.28,65.62,71.43,25,3,1,1,3,2,2,2,4,1,0,2,2,2,3,2,3
8/12/2021,65.28,65.62,71.43,25,3,1,1,3,2,2,2,4,1,0,2,2,2,3,2,3
9/12/2021,65.28,65.62,71.43,25,3,1,1,3,2,2,2,4,1,0,2,2,2,3,2,3
10/12/2021,65.28,65.62,71.43,25,3,1,1,3,2,2,2,4,1,0,2,2,2,3,2,3
11/12/2021,65.28,65.62,71.43,25,3,1,1,3,2,2,2,4,1,0,2,2,2,3,2,3
12/12/2021,65.28,65.62,71.43,25,3,1,1,3,2,2,2,4,1,0,2,2,2,3,2,3
13/12/2021,65.28,65.62,71.43,25,3,1,1,3,2,2,2,4,1,0,2,2,2,3,2,3
14/12/2021,65.28,65.62,71.43,25,3,1,1,3,2,2,2,4,1,0,2,2,2,3,2,3
15/12/2021,52.84,59.2,64.08,25,1,1,1,2,0,0,2,4,1,0,2,3,2,3,2,2
16/12/2021,52.82,59.18,64.06,25,1,1,1,2,0,0,2,4,1,0,2,3,2,3,2,2
17/12/2021,52.8,59.17,64.04,25,1,1,1,2,0,0,2,4,1,0,2,3,2,3,2,2
18/12/2021,52.78,59.15,64.03,25,1,1,1,2,0,0,2,4,1,0,2,3,2,3,2,2
19/12/2021,52.78,59.15,64.02,25,1,1,1,2,0,0,2,4,1,0,2,3,2,3,2,2
20/12/2021,52.78,59.13,64.01,25,1,1,1,2,0,0,2,4,1,0,2,3,2,3,2,2
21/12/2021,52.78,59.12,63.99,25,1,1,1,2,0,0,2,4,1,0,2,3,2,3,2,2
22/12/2021,52.78,59.11,63.98,25,1,1,1,2,0,0,2,4,1,0,2,3,2,3,2,2
23/12/2021,52.78,59.09,63.96,25,1,1,1,2,0,0,2,4,1,0,2,3,2,3,2,2
24/12/2021,52.78,59.08,63.95,25,1,1,1,2,0,0,2,4,1,0,2,3,2,3,2,2
25/12/2021,52.78,59.08,63.95,25,1,1,1,2,0,0,2,4,1,0,2,3,2,3,2,2
26/12/2021,52.78,59.08,63.95,25,1,1,1,2,0,0,2,4,1,0,2,3,2,3,2,2
27/12/2021,52.78,59.08,63.95,25,1,1,1,2,0,0,2,4,1,0,2,3,2,3,2,2
28/12/2021,52.78,59.08,63.94,25,1,1,1,2,0,0,2,4,1,0,2,3,2,3,2,2
29/12/2021,52.78,59.06,63.93,25,1,1,1,2,0,0,2,4,1,0,2,3,2,3,2,2
30/12/2021,52.78,59.05,63.92,25,1,1,1,2,0,0,2,4,1,0,2,3,2,3,2,2
31/12/2021,52.78,59.05,63.91,25,1,1,1,2,0,0,2,4,1,0,2,3,2,3,2,2
1/01/2022,52.78,59.05,63.91,25,1,1,1,2,0,0,2,4,1,0,2,3,2,3,2,2
2/01/2022,52.78,59.05,63.91,25,1,1,1,2,0,0,2,4,1,0,2,3,2,3,2,2
3/01/2022,52.78,59.04,63.9,25,1,1,1,2,0,0,2,4,1,0,2,3,2,3,2,2
4/01/2022,52.78,59.04,63.9,25,1,1,1,2,0,0,2,4,1,0,2,3,2,3,2,2
5/01/2022,52.78,59.03,63.89,25,1,1,1,2,0,0,2,4,1,0,2,3,2,3,2,2
6/01/2022,52.78,59.02,63.88,25,1,1,1,2,0,0,2,4,1,0,2,3,2,3,2,2
7/01/2022,52.78,59.02,63.87,25,1,1,1,2,0,0,2,4,1,0,2,3,2,3,2,2
8/01/2022,52.78,59.01,63.87,25,1,1,1,2,0,0,2,4,1,0,2,3,2,3,2,2
9/01/2022,52.78,59.01,63.86,25,1,1,1,2,0,0,2,4,1,0,2,3,2,3,2,2
10/01/2022,52.78,59,63.86,25,1,1,1,2,0,0,2,4,1,0,2,3,2,3,2,2
11/01/2022,52.78,58.99,63.85,25,1,1,1,2,0,0,2,4,1,0,2,3,2,3,2,2
12/01/2022,52.78,58.99,63.84,25,1,1,1,2,0,0,2,4,1,0,2,3,2,3,2,2
13/01/2022,52.78,58.98,63.83,25,1,1,1,2,0,0,2,4,1,0,2,3,2,3,2,2
14/01/2022,52.78,58.97,63.82,25,1,1,1,2,0,0,2,4,1,0,2,3,2,3,2,2
15/01/2022,52.78,58.97,63.82,25,1,1,1,2,0,0,2,4,1,0,2,3,2,3,2,2
16/01/2022,52.78,58.97,63.82,25,1,1,1,2,0,0,2,4,1,0,2,3,2,3,2,2
17/01/2022,52.78,58.96,63.81,25,1,1,1,2,0,0,2,4,1,0,2,3,2,3,2,2
18/01/2022,52.78,57.4,62.03,25,1,1,1,2,0,0,1,4,1,0,2,3,2,3,2,2
19/01/2022,52.78,57.39,62.02,25,1,1,1,2,0,0,1,4,1,0,2,3,2,3,2,2
20/01/2022,52.78,57.39,62.02,25,1,1,1,2,0,0,1,4,1,0,2,3,2,3,2,2
21/01/2022,52.78,57.38,62.01,25,1,1,1,2,0,0,1,4,1,0,2,3,2,3,2,2
22/01/2022,52.78,57.38,62.01,25,1,1,1,2,0,0,1,4,1,0,2,3,2,3,2,2
23/01/2022,72.63,57.64,62.3,25,1,1,1,2,0,0,1,4,1,0,2,3,2,3,2,2
24/01/2022,72.63,58.41,63.19,25,1,1,1,2,0,0,1,4,1,0,2,3,2,3,2,2
25/01/2022,72.63,58.41,63.18,25,1,1,1,2,0,0,1,4,1,0,2,3,2,3,2,2
26/01/2022,72.63,58.4,63.17,25,1,1,1,2,0,0,1,4,1,0,2,3,2,3,2,2
27/01/2022,72.63,58.4,63.17,25,1,1,1,2,0,0,1,4,1,0,2,3,2,3,2,2
28/01/2022,72.63,58.39,63.16,25,1,1,1,2,0,0,1,4,1,0,2,3,2,3,2,2
29/01/2022,72.63,58.39,63.16,25,1,1,1,2,0,0,1,4,1,0,2,3,2,3,2,2
30/01/2022,72.63,58.39,63.16,25,1,1,1,2,0,0,1,4,1,0,2,3,2,3,2,2
31/01/2022,72.63,58.39,63.15,25,1,1,1,2,0,0,1,4,1,0,2,3,2,3,2,2
1/02/2022,72.63,58.38,63.15,25,1,1,1,2,0,0,1,4,1,0,2,3,2,3,2,2
2/02/2022,72.63,58.38,63.15,25,1,1,1,2,0,0,1,4,1,0,2,3,2,3,2,2
3/02/2022,72.63,58.37,63.14,25,1,1,1,2,0,0,1,4,1,0,2,3,2,3,2,2
4/02/2022,72.63,58.37,63.14,25,1,1,1,2,0,0,1,4,1,0,2,3,2,3,2,2
5/02/2022,72.63,58.37,63.13,25,1,1,1,2,0,0,1,4,1,0,2,3,2,3,2,2
6/02/2022,72.63,58.37,63.13,25,1,1,1,2,0,0,1,4,1,0,2,3,2,3,2,2
7/02/2022,72.63,58.37,63.13,25,1,1,1,2,0,0,1,4,1,0,2,3,2,3,2,2
8/02/2022,72.63,58.36,63.13,25,1,1,1,2,0,0,1,4,1,0,2,3,2,3,2,2
9/02/2022,72.63,58.36,63.12,25,1,1,1,2,0,0,1,4,1,0,2,3,2,3,2,2
10/02/2022,72.63,58.35,63.12,25,1,1,1,2,0,0,1,4,1,0,2,3,2,3,2,2
11/02/2022,72.63,58.35,63.12,25,1,1,1,2,0,0,1,4,1,0,2,3,2,3,2,2
12/02/2022,72.63,58.35,63.11,25,1,1,1,2,0,0,1,4,1,0,2,3,2,3,2,2
13/02/2022,72.63,58.35,63.11,25,1,1,1,2,0,0,1,4,1,0,2,3,2,3,2,2
14/02/2022,72.63,58.34,63.11,25,1,1,1,2,0,0,1,4,1,0,2,3,2,3,2,2
15/02/2022,72.63,58.34,63.1,25,1,1,1,2,0,0,1,4,1,0,2,3,2,3,2,2
16/02/2022,72.63,58.34,63.1,25,1,1,1,2,0,0,1,4,1,0,2,3,2,3,2,2
17/02/2022,72.63,58.33,63.1,25,1,1,1,2,0,0,1,4,1,0,2,3,2,3,2,2
18/02/2022,72.63,58.33,63.09,25,1,1,1,2,0,0,1,4,1,0,2,3,2,3,2,2
19/02/2022,72.63,58.33,63.09,25,1,1,1,2,0,0,1,4,1,0,2,3,2,3,2,2
20/02/2022,72.63,58.33,63.09,25,1,1,1,2,0,0,1,4,1,0,2,3,2,3,2,2
21/02/2022,72.63,58.32,63.08,25,1,1,1,2,0,0,1,4,1,0,2,3,2,3,2,2
22/02/2022,72.63,58.32,63.08,25,1,1,1,2,0,0,1,4,1,0,2,3,2,3,2,2
23/02/2022,72.63,58.32,63.08,25,1,1,1,2,0,0,1,4,1,0,2,3,2,3,2,2
24/02/2022,72.63,58.32,63.07,25,1,1,1,2,0,0,1,4,1,0,2,3,2,3,2,2
25/02/2022,72.63,58.31,63.07,25,1,1,1,2,0,0,1,4,1,0,2,3,2,3,2,2
26/02/2022,72.63,58.31,63.07,25,1,1,1,2,0,0,1,4,1,0,2,3,2,3,2,2
27/02/2022,72.63,57.12,61.7,25,1,1,1,2,0,0,1,3,1,0,2,3,2,3,2,2
28/02/2022,72.63,57.11,61.7,25,1,1,1,2,0,0,1,3,1,0,2,3,2,3,2,2
1/03/2022,72.63,58.15,62.88,25,1,1,1,2,0,0,1,3,1,0,2,3,2,3,2,2
2/03/2022,72.63,58.15,62.88,25,1,1,1,2,0,0,1,3,1,0,2,3,2,3,2,2
3/03/2022,72.63,58.15,62.88,25,1,1,1,2,0,0,1,3,1,0,2,3,2,3,2,2
4/03/2022,72.63,58.15,62.88,25,1,1,1,2,0,0,1,3,1,0,2,3,2,3,2,2
5/03/2022,72.63,55.01,59.3,25,1,1,1,2,0,0,0,3,1,0,2,3,2,3,2,2
6/03/2022,72.63,55.01,59.3,25,1,1,1,2,0,0,0,3,1,0,2,3,2,3,2,2
7/03/2022,72.63,55.01,59.3,25,1,1,1,2,0,0,0,3,1,0,2,3,2,3,2,2
8/03/2022,72.63,55.01,59.3,25,1,1,1,2,0,0,0,3,1,0,2,3,2,3,2,2
9/03/2022,72.63,55.01,59.29,25,1,1,1,2,0,0,0,3,1,0,2,3,2,3,2,2
10/03/2022,72.63,55,59.29,25,1,1,1,2,0,0,0,3,1,0,2,3,2,3,2,2
11/03/2022,72.63,55,59.29,25,1,1,1,2,0,0,0,3,1,0,2,3,2,3,2,2
12/03/2022,72.63,55,59.28,25,1,1,1,2,0,0,0,3,1,0,2,3,2,3,2,2
13/03/2022,72.63,55,59.28,25,1,1,1,2,0,0,0,3,1,0,2,3,2,3,2,2
14/03/2022,72.63,54.99,59.27,25,1,1,1,2,0,0,0,3,1,0,2,3,2,3,2,2
15/03/2022,72.63,54.98,59.26,25,1,1,1,2,0,0,0,3,1,0,2,3,2,3,2,2
16/03/2022,72.63,54.96,59.25,25,1,1,1,2,0,0,0,3,1,0,2,3,2,3,2,2
17/03/2022,72.63,54.95,59.23,25,1,1,1,2,0,0,0,3,1,0,2,3,2,3,2,2
18/03/2022,72.63,54.94,59.22,25,1,1,1,2,0,0,0,3,1,0,2,3,2,3,2,2
19/03/2022,72.63,54.92,59.19,25,1,1,1,2,0,0,0,3,1,0,2,3,2,3,2,2
20/03/2022,72.63,54.91,59.19,25,1,1,1,2,0,0,0,3,1,0,2,3,2,3,2,2
21/03/2022,72.63,54.9,59.17,25,1,1,1,2,0,0,0,3,1,0,2,3,2,3,2,2
22/03/2022,72.63,52.47,56.39,25,1,1,1,2,0,0,0,3,1,0,2,3,2,1,2,2
23/03/2022,72.63,52.46,56.38,25,1,1,1,2,0,0,0,3,1,0,2,3,2,1,2,2
24/03/2022,42.09,52.44,56.36,25,1,1,1,2,0,0,0,3,1,0,2,3,2,1,2,2
25/03/2022,42.09,52.43,56.34,25,1,1,1,2,0,0,0,3,1,0,2,3,2,1,2,2
26/03/2022,42.09,52.4,56.32,25,1,1,1,2,0,0,0,3,1,0,2,3,2,1,2,2
27/03/2022,42.09,52.4,56.31,25,1,1,1,2,0,0,0,3,1,0,2,3,2,1,2,2
28/03/2022,42.09,52.39,56.3,25,1,1,1,2,0,0,0,3,1,0,2,3,2,1,2,2
29/03/2022,42.09,52.38,56.29,25,1,1,1,2,0,0,0,3,1,0,2,3,2,1,2,2
30/03/2022,42.09,52.37,56.28,25,1,1,1,2,0,0,0,3,1,0,2,3,2,1,2,2
31/03/2022,42.09,52.36,56.27,25,1,1,1,2,0,0,0,3,1,0,2,3,2,1,2,2
1/04/2022,42.09,52.35,56.26,25,1,1,1,2,0,0,0,3,1,0,2,3,2,1,2,2
2/04/2022,42.09,52.34,56.24,25,1,1,1,2,0,0,0,3,1,0,2,3,2,1,2,2
3/04/2022,42.09,52.34,56.24,25,1,1,1,2,0,0,0,3,1,0,2,3,2,1,2,2
4/04/2022,42.09,52.33,56.23,25,1,1,1,2,0,0,0,3,1,0,2,3,2,1,2,2
5/04/2022,42.09,52.33,56.23,25,1,1,1,2,0,0,0,3,1,0,2,3,2,1,2,2
6/04/2022,42.09,52.32,56.22,25,1,1,1,2,0,0,0,3,1,0,2,3,2,1,2,2
7/04/2022,42.09,52.32,56.22,25,1,1,1,2,0,0,0,3,1,0,2,3,2,1,2,2
8/04/2022,42.09,52.31,56.21,25,1,1,1,2,0,0,0,3,1,0,2,3,2,1,2,2
9/04/2022,42.09,52.31,56.21,25,1,1,1,2,0,0,0,3,1,0,2,3,2,1,2,2
10/04/2022,42.09,52.3,56.2,25,1,1,1,2,0,0,0,3,1,0,2,3,2,1,2,2
11/04/2022,42.09,52.3,56.2,25,1,1,1,2,0,0,0,3,1,0,2,3,2,1,2,2
12/04/2022,42.09,52.3,56.19,25,1,1,1,2,0,0,0,3,1,0,2,3,2,1,2,2
13/04/2022,15.67,38.42,40.34,25,0,0,0,0,0,0,0,1,1,0,2,3,2,2,2,2
14/04/2022,15.67,38.42,40.34,25,0,0,0,0,0,0,0,1,1,0,2,3,2,2,2,2
15/04/2022,15.67,38.42,40.34,25,0,0,0,0,0,0,0,1,1,0,2,3,2,2,2,2
16/04/2022,15.66,38.42,40.34,25,0,0,0,0,0,0,0,1,1,0,2,3,2,2,2,2
17/04/2022,15.66,38.42,40.34,25,0,0,0,0,0,0,0,1,1,0,2,3,2,2,2,2
18/04/2022,15.66,38.42,40.34,25,0,0,0,0,0,0,0,1,1,0,2,3,2,2,2,2
19/04/2022,15.66,38.42,40.34,25,0,0,0,0,0,0,0,1,1,0,2,3,2,2,2,2
20/04/2022,15.66,38.42,40.33,25,0,0,0,0,0,0,0,1,1,0,2,3,2,2,2,2
21/04/2022,15.66,38.42,40.33,25,0,0,0,0,0,0,0,1,1,0,2,3,2,2,2,2
22/04/2022,15.66,38.42,40.33,25,0,0,0,0,0,0,0,1,1,0,2,3,2,2,2,2
23/04/2022,15.66,38.41,40.33,25,0,0,0,0,0,0,0,1,1,0,2,3,2,2,2,2
24/04/2022,15.65,38.41,40.33,25,0,0,0,0,0,0,0,1,1,0,2,3,2,2,2,2
25/04/2022,15.65,38.41,40.33,25,0,0,0,0,0,0,0,1,1,0,2,3,2,2,2,2
26/04/2022,15.65,38.41,40.33,25,0,0,0,0,0,0,0,1,1,0,2,3,2,2,2,2
27/04/2022,15.65,38.41,40.33,25,0,0,0,0,0,0,0,1,1,0,2,3,2,2,2,2
28/04/2022,15.65,38.41,40.32,25,0,0,0,0,0,0,0,1,1,0,2,3,2,2,2,2
29/04/2022,15.65,38.41,40.32,25,0,0,0,0,0,0,0,1,1,0,2,3,2,2,2,2
30/04/2022,15.64,38.41,40.32,25,0,0,0,0,0,0,0,1,1,0,2,3,2,2,2,2
1/05/2022,15.64,38.41,40.32,25,0,0,0,0,0,0,0,1,1,0,2,3,2,2,2,2
2/05/2022,15.64,38.41,40.32,25,0,0,0,0,0,0,0,1,1,0,2,3,2,2,2,2
3/05/2022,15.64,38.4,40.32,25,0,0,0,0,0,0,0,1,1,0,2,3,2,2,2,2
4/05/2022,15.64,38.4,40.32,25,0,0,0,0,0,0,0,1,1,0,2,3,2,2,2,2
5/05/2022,15.64,38.4,40.32,25,0,0,0,0,0,0,0,1,1,0,2,3,2,2,2,2
6/05/2022,15.64,38.4,40.32,25,0,0,0,0,0,0,0,1,1,0,2,3,2,2,2,2
7/05/2022,15.64,38.4,40.32,25,0,0,0,0,0,0,0,1,1,0,2,3,2,2,2,2
8/05/2022,15.64,38.4,40.32,25,0,0,0,0,0,0,0,1,1,0,2,3,2,2,2,2
9/05/2022,15.64,38.4,40.32,25,0,0,0,0,0,0,0,1,1,0,2,3,2,2,2,2
10/05/2022,15.64,38.4,40.31,25,0,0,0,0,0,0,0,1,1,0,2,3,2,2,2,2
11/05/2022,15.64,38.4,40.31,25,0,0,0,0,0,0,0,1,1,0,2,3,2,2,2,2
12/05/2022,15.64,38.4,40.31,25,0,0,0,0,0,0,0,1,1,0,2,3,2,2,2,2
13/05/2022,15.64,38.4,40.31,25,0,0,0,0,0,0,0,1,1,0,2,3,2,2,2,2
14/05/2022,15.64,38.4,40.31,25,0,0,0,0,0,0,0,1,1,0,2,3,2,2,2,2
15/05/2022,15.64,38.4,40.31,25,0,0,0,0,0,0,0,1,1,0,2,3,2,2,2,2
16/05/2022,15.64,38.4,40.31,25,0,0,0,0,0,0,0,1,1,0,2,3,2,2,2,2
17/05/2022,15.64,38.4,40.31,25,0,0,0,0,0,0,0,1,1,0,2,3,2,2,2,2
18/05/2022,15.63,38.4,40.31,25,0,0,0,0,0,0,0,1,1,0,2,3,2,2,2,2
19/05/2022,15.63,38.4,40.31,25,0,0,0,0,0,0,0,1,1,0,2,3,2,2,2,2
20/05/2022,15.63,38.4,40.31,25,0,0,0,0,0,0,0,1,1,0,2,3,2,2,2,2
21/05/2022,15.63,38.4,40.31,25,0,0,0,0,0,0,0,1,1,0,2,3,2,2,2,2
22/05/2022,15.63,38.4,40.31,25,0,0,0,0,0,0,0,1,1,0,2,3,2,2,2,2
23/05/2022,15.63,38.4,40.31,25,0,0,0,0,0,0,0,1,1,0,2,3,2,2,2,2
24/05/2022,15.63,38.4,40.31,25,0,0,0,0,0,0,0,1,1,0,2,3,2,2,2,2
25/05/2022,15.63,38.4,40.31,25,0,0,0,0,0,0,0,1,1,0,2,3,2,2,2,2
26/05/2022,15.63,38.39,40.31,25,0,0,0,0,0,0,0,1,1,0,2,3,2,2,2,2
27/05/2022,15.63,38.39,40.31,25,0,0,0,0,0,0,0,1,1,0,2,3,2,2,2,2
28/05/2022,15.63,38.39,40.31,25,0,0,0,0,0,0,0,1,1,0,2,3,2,2,2,2
29/05/2022,15.63,38.39,40.31,25,0,0,0,0,0,0,0,1,1,0,2,3,2,2,2,2
30/05/2022,15.63,38.39,40.31,25,0,0,0,0,0,0,0,1,1,0,2,3,2,2,2,2
31/05/2022,15.05,38.07,39.93,25,0,0,0,0,0,0,0,1,1,0,2,3,2,2,2,2
1/06/2022,15.05,38.07,39.93,25,0,0,0,0,0,0,0,1,1,0,2,3,2,2,2,2
2/06/2022,15.05,38.07,39.93,25,0,0,0,0,0,0,0,1,1,0,2,3,2,2,2,2
3/06/2022,15.05,38.07,39.93,25,0,0,0,0,0,0,0,1,1,0,2,3,2,2,2,2
4/06/2022,15.05,38.07,39.93,25,0,0,0,0,0,0,0,1,1,0,2,3,2,2,2,2
5/06/2022,15.05,38.07,39.93,25,0,0,0,0,0,0,0,1,1,0,2,3,2,2,2,2
6/06/2022,15.05,38.07,39.93,25,0,0,0,0,0,0,0,1,1,0,2,3,2,2,2,2
7/06/2022,15.05,38.07,39.93,25,0,0,0,0,0,0,0,1,1,0,2,3,2,2,2,2
8/06/2022,15.05,38.07,39.93,25,0,0,0,0,0,0,0,1,1,0,2,3,2,2,2,2
9/06/2022,15.05,38.06,39.93,25,0,0,0,0,0,0,0,1,1,0,2,3,2,2,2,2
10/06/2022,15.04,38.06,39.93,25,0,0,0,0,0,0,0,1,1,0,2,3,2,2,2,2
11/06/2022,15.04,38.06,39.93,25,0,0,0,0,0,0,0,1,1,0,2,3,2,2,2,2
12/06/2022,15.04,38.06,39.93,25,0,0,0,0,0,0,0,1,1,0,2,3,2,2,2,2
13/06/2022,15.04,38.06,39.93,25,0,0,0,0,0,0,0,1,1,0,2,3,2,2,2,2
14/06/2022,15.04,38.06,39.93,25,0,0,0,0,0,0,0,1,1,0,2,3,2,2,2,2
15/06/2022,15.04,38.06,39.93,25,0,0,0,0,0,0,0,1,1,0,2,3,2,2,2,2
16/06/2022,15.04,38.06,39.93,25,0,0,0,0,0,0,0,1,1,0,2,3,2,2,2,2
17/06/2022,15.04,38.06,39.93,25,0,0,0,0,0,0,0,1,1,0,2,3,2,2,2,2
18/06/2022,15.04,38.06,39.92,25,0,0,0,0,0,0,0,1,1,0,2,3,2,2,2,2
19/06/2022,15.04,38.06,39.92,25,0,0,0,0,0,0,0,1,1,0,2,3,2,2,2,2
20/06/2022,15.04,38.06,39.92,25,0,0,0,0,0,0,0,1,1,0,2,3,2,2,2,2
21/06/2022,15.04,38.06,39.92,25,0,0,0,0,0,0,0,1,1,0,2,3,2,2,2,2
22/06/2022,15.04,38.06,39.92,25,0,0,0,0,0,0,0,1,1,0,2,3,2,2,2,2
23/06/2022,15.04,38.06,39.92,25,0,0,0,0,0,0,0,1,1,0,2,3,2,2,2,2
24/06/2022,15.04,38.06,39.92,25,0,0,0,0,0,0,0,1,1,0,2,3,2,2,2,2
25/06/2022,15.04,38.06,39.92,25,0,0,0,0,0,0,0,1,1,0,2,3,2,2,2,2
26/06/2022,15.04,38.06,39.92,25,0,0,0,0,0,0,0,1,1,0,2,3,2,2,2,2
27/06/2022,15.04,38.06,39.92,25,0,0,0,0,0,0,0,1,1,0,2,3,2,2,2,2
28/06/2022,15.04,38.06,39.92,25,0,0,0,0,0,0,0,1,1,0,2,3,2,2,2,2
29/06/2022,15.04,38.06,39.92,25,0,0,0,0,0,0,0,1,1,0,2,3,2,2,2,2
30/06/2022,15.04,38.06,39.92,25,0,0,0,0,0,0,0,1,1,0,2,3,2,2,2,2
1/07/2022,15.04,38.06,39.92,25,0,0,0,0,0,0,0,1,1,0,2,3,2,2,2,2
2/07/2022,15.04,38.06,39.92,25,0,0,0,0,0,0,0,1,1,0,2,3,2,2,2,2
3/07/2022,15.04,38.06,39.92,25,0,0,0,0,0,0,0,1,1,0,2,3,2,2,2,2
4/07/2022,15.04,38.06,39.92,25,0,0,0,0,0,0,0,1,1,0,2,3,2,2,2,2
5/07/2022,15.03,38.05,39.92,25,0,0,0,0,0,0,0,1,1,0,2,3,2,2,2,2
6/07/2022,15.03,38.05,39.92,25,0,0,0,0,0,0,0,1,1,0,2,3,2,2,2,2
7/07/2022,15.03,38.05,39.92,25,0,0,0,0,0,0,0,1,1,0,2,3,2,2,2,2
8/07/2022,15.03,38.05,39.92,25,0,0,0,0,0,0,0,1,1,0,2,3,2,2,2,2
9/07/2022,15.03,38.05,39.92,25,0,0,0,0,0,0,0,1,1,0,2,3,2,2,2,2
10/07/2022,15.03,38.05,39.92,25,0,0,0,0,0,0,0,1,1,0,2,3,2,2,2,2
11/07/2022,15.03,38.05,39.91,25,0,0,0,0,0,0,0,1,1,0,2,3,2,2,2,2
12/07/2022,15.03,38.05,39.91,25,0,0,0,0,0,0,0,1,1,0,2,3,2,2,2,2
13/07/2022,15.03,38.05,39.91,25,0,0,0,0,0,0,0,1,1,0,2,3,2,2,2,2
14/07/2022,15.03,38.05,39.91,25,0,0,0,0,0,0,0,1,1,0,2,3,2,2,2,2
15/07/2022,15.03,38.05,39.91,25,0,0,0,0,0,0,0,1,1,0,2,3,2,2,2,2
16/07/2022,15.03,38.05,39.91,25,0,0,0,0,0,0,0,1,1,0,2,3,2,2,2,2
17/07/2022,15.03,37.62,39.42,25,0,0,0,0,0,0,0,1,1,0,2,3,2,2,2,2
18/07/2022,15.03,37.62,39.42,25,0,0,0,0,0,0,0,1,1,0,2,3,2,2,2,2
19/07/2022,15.03,37.62,39.42,25,0,0,0,0,0,0,0,1,1,0,2,3,2,2,2,2
20/07/2022,15.03,37.62,39.42,25,0,0,0,0,0,0,0,1,1,0,2,3,2,2,2,2
21/07/2022,15.03,37.62,39.42,25,0,0,0,0,0,0,0,1,1,0,2,3,2,2,2,2
22/07/2022,15.03,37.62,39.42,25,0,0,0,0,0,0,0,1,1,0,2,3,2,2,2,2
23/07/2022,15.03,37.62,39.42,25,0,0,0,0,0,0,0,1,1,0,2,3,2,2,2,2
24/07/2022,15.03,37.62,39.42,25,0,0,0,0,0,0,0,1,1,0,2,3,2,2,2,2
25/07/2022,15.02,37.62,39.42,25,0,0,0,0,0,0,0,1,1,0,2,3,2,2,2,2
26/07/2022,15.02,37.62,39.42,25,0,0,0,0,0,0,0,1,1,0,2,3,2,2,2,2
27/07/2022,15.02,37.62,39.42,25,0,0,0,0,0,0,0,1,1,0,2,3,2,2,2,2
28/07/2022,15.02,37.62,39.42,25,0,0,0,0,0,0,0,1,1,0,2,3,2,2,2,2
29/07/2022,15.02,37.62,39.42,25,0,0,0,0,0,0,0,1,1,0,2,3,2,2,2,2
30/07/2022,15.02,37.62,39.42,25,0,0,0,0,0,0,0,1,1,0,2,3,2,2,2,2
31/07/2022,15.02,37.62,39.42,25,0,0,0,0,0,0,0,1,1,0,2,3,2,2,2,2
1/08/2022,15.02,37.62,39.42,25,0,0,0,0,0,0,0,1,1,0,2,3,2,2,2,2
2/08/2022,15.02,37.62,39.42,25,0,0,0,0,0,0,0,1,1,0,2,3,2,2,2,2
3/08/2022,15.02,37.62,39.42,25,0,0,0,0,0,0,0,1,1,0,2,3,2,2,2,2
4/08/2022,15.02,37.62,39.42,25,0,0,0,0,0,0,0,1,1,0,2,3,2,2,2,2
5/08/2022,15.02,37.62,39.42,25,0,0,0,0,0,0,0,1,1,0,2,3,2,2,2,2
6/08/2022,15.02,37.62,39.42,25,0,0,0,0,0,0,0,1,1,0,2,3,2,2,2,2
7/08/2022,15.02,37.62,39.42,25,0,0,0,0,0,0,0,1,1,0,2,3,2,2,2,2
8/08/2022,15.02,37.62,39.42,25,0,0,0,0,0,0,0,1,1,0,2,3,2,2,2,2
9/08/2022,15.02,37.62,39.42,25,0,0,0,0,0,0,0,1,1,0,2,3,2,2,2,2
10/08/2022,15.02,37.62,39.42,25,0,0,0,0,0,0,0,1,1,0,2,3,2,2,2,2
11/08/2022,15.02,37.62,39.42,25,0,0,0,0,0,0,0,1,1,0,2,3,2,2,2,2
12/08/2022,15.02,37.62,39.42,25,0,0,0,0,0,0,0,1,1,0,2,3,2,2,2,2
13/08/2022,15.02,37.62,39.42,25,0,0,0,0,0,0,0,1,1,0,2,3,2,2,2,2
14/08/2022,15.02,37.62,39.42,25,0,0,0,0,0,0,0,1,1,0,2,3,2,2,2,2
15/08/2022,15.02,37.62,39.42,25,0,0,0,0,0,0,0,1,1,0,2,3,2,2,2,2
16/08/2022,15.02,37.62,39.42,25,0,0,0,0,0,0,0,1,1,0,2,3,2,2,2,2
17/08/2022,15.02,37.62,39.42,25,0,0,0,0,0,0,0,1,1,0,2,3,2,2,2,2
18/08/2022,15.02,37.62,39.42,25,0,0,0,0,0,0,0,1,1,0,2,3,2,2,2,2
19/08/2022,15.02,37.62,39.42,25,0,0,0,0,0,0,0,1,1,0,2,3,2,2,2,2
20/08/2022,15.02,37.62,39.42,25,0,0,0,0,0,0,0,1,1,0,2,3,2,2,2,2
21/08/2022,15.02,37.62,39.42,25,0,0,0,0,0,0,0,1,1,0,2,3,2,2,2,2
22/08/2022,15.02,37.62,39.42,25,0,0,0,0,0,0,0,1,1,0,2,3,2,2,2,2
23/08/2022,15.02,37.62,39.42,25,0,0,0,0,0,0,0,1,1,0,2,3,2,2,2,2
24/08/2022,15.02,37.62,39.42,25,0,0,0,0,0,0,0,1,1,0,2,3,2,2,2,2
25/08/2022,15.02,37.62,39.42,25,0,0,0,0,0,0,0,1,1,0,2,3,2,2,2,2
26/08/2022,15.02,37.62,39.42,25,0,0,0,0,0,0,0,1,1,0,2,3,2,2,2,2
27/08/2022,15.02,37.61,39.42,25,0,0,0,0,0,0,0,1,1,0,2,3,2,2,2,2
28/08/2022,15.02,37.61,39.42,25,0,0,0,0,0,0,0,1,1,0,2,3,2,2,2,2
29/08/2022,15.02,37.61,39.42,25,0,0,0,0,0,0,0,1,1,0,2,3,2,2,2,2
30/08/2022,15.02,37.61,39.42,25,0,0,0,0,0,0,0,1,1,0,2,3,2,2,2,2
31/08/2022,15.02,37.61,39.42,25,0,0,0,0,0,0,0,1,1,0,2,3,2,2,2,2
1/09/2022,15.02,37.61,39.42,25,0,0,0,0,0,0,0,1,1,0,2,3,2,2,2,2
2/09/2022,15.02,37.61,39.42,25,0,0,0,0,0,0,0,1,1,0,2,3,2,2,2,2
3/09/2022,15.02,37.61,39.42,25,0,0,0,0,0,0,0,1,1,0,2,3,2,2,2,2
4/09/2022,15.02,37.61,39.42,25,0,0,0,0,0,0,0,1,1,0,2,3,2,2,2,2
5/09/2022,15.02,37.61,39.42,25,0,0,0,0,0,0,0,1,1,0,2,3,2,2,2,2
6/09/2022,15.02,37.61,39.42,25,0,0,0,0,0,0,0,1,1,0,2,3,2,2,2,2
7/09/2022,15.02,37.61,39.42,25,0,0,0,0,0,0,0,1,1,0,2,3,2,2,2,2
8/09/2022,15.02,37.61,39.42,25,0,0,0,0,0,0,0,1,1,0,2,3,2,2,2,2
9/09/2022,15.02,37.61,39.42,25,0,0,0,0,0,0,0,1,1,0,2,3,2,2,2,2
10/09/2022,15.02,37.61,39.42,25,0,0,0,0,0,0,0,1,1,0,2,3,2,2,2,2
11/09/2022,15.02,37.61,39.42,25,0,0,0,0,0,0,0,1,1,0,2,3,2,2,2,2
12/09/2022,11.11,25,25,25,0,0,0,0,0,0,0,0,1,0,2,3,0,2,2,0
13/09/2022,11.11,25,25,25,0,0,0,0,0,0,0,0,1,0,2,3,0,2,2,0
14/09/2022,11.11,25,25,25,0,0,0,0,0,0,0,0,1,0,2,3,0,2,2,0
15/09/2022,11.11,25,25,25,0,0,0,0,0,0,0,0,1,0,2,3,0,2,2,0
16/09/2022,11.11,25,25,25,0,0,0,0,0,0,0,0,1,0,2,3,0,2,2,0
17/09/2022,11.11,25,25,25,0,0,0,0,0,0,0,0,1,0,2,3,0,2,2,0
18/09/2022,11.11,25,25,25,0,0,0,0,0,0,0,0,1,0,2,3,0,2,2,0
19/09/2022,11.11,25,25,25,0,0,0,0,0,0,0,0,1,0,2,3,0,2,2,0
20/09/2022,11.11,25,25,25,0,0,0,0,0,0,0,0,1,0,2,3,0,2,2,0
21/09/2022,11.11,25,25,25,0,0,0,0,0,0,0,0,1,0,2,3,0,2,2,0
22/09/2022,11.11,25,25,25,0,0,0,0,0,0,0,0,1,0,2,3,0,2,2,0
23/09/2022,11.11,25,25,25,0,0,0,0,0,0,0,0,1,0,2,3,0,2,2,0
24/09/2022,11.11,25,25,25,0,0,0,0,0,0,0,0,1,0,2,3,0,2,2,0
25/09/2022,11.11,25,25,25,0,0,0,0,0,0,0,0,1,0,2,3,0,2,2,0
26/09/2022,11.11,25,25,25,0,0,0,0,0,0,0,0,1,0,2,3,0,2,2,0
27/09/2022,11.11,25,25,25,0,0,0,0,0,0,0,0,1,0,2,3,0,2,2,0
28/09/2022,11.11,25,25,25,0,0,0,0,0,0,0,0,1,0,2,3,0,2,2,0
29/09/2022,11.11,25,25,25,0,0,0,0,0,0,0,0,1,0,2,3,0,2,2,0
30/09/2022,11.11,25,25,25,0,0,0,0,0,0,0,0,1,0,2,3,0,2,2,0
1/10/2022,11.11,25,25,25,0,0,0,0,0,0,0,0,1,0,2,3,0,2,2,0
2/10/2022,11.11,25,25,25,0,0,0,0,0,0,0,0,1,0,2,3,0,2,2,0
3/10/2022,11.11,25,25,25,0,0,0,0,0,0,0,0,1,0,2,3,0,2,2,0
4/10/2022,11.11,25,25,25,0,0,0,0,0,0,0,0,1,0,2,3,0,2,2,0
5/10/2022,11.11,25,25,25,0,0,0,0,0,0,0,0,1,0,2,3,0,2,2,0
6/10/2022,11.11,25,25,25,0,0,0,0,0,0,0,0,1,0,2,3,0,2,2,0
7/10/2022,11.11,25,25,25,0,0,0,0,0,0,0,0,1,0,2,3,0,2,2,0
8/10/2022,11.11,25,25,25,0,0,0,0,0,0,0,0,1,0,2,3,0,2,2,0
9/10/2022,11.11,25,25,25,0,0,0,0,0,0,0,0,1,0,2,3,0,2,2,0
10/10/2022,11.11,25,25,25,0,0,0,0,0,0,0,0,1,0,2,3,0,2,2,0
11/10/2022,11.11,25,25,25,0,0,0,0,0,0,0,0,1,0,2,3,0,2,2,0
12/10/2022,11.11,25,25,25,0,0,0,0,0,0,0,0,1,0,2,3,0,2,2,0
13/10/2022,11.11,25,25,25,0,0,0,0,0,0,0,0,1,0,2,3,0,2,2,0
14/10/2022,11.11,25,25,25,0,0,0,0,0,0,0,0,1,0,2,3,0,2,2,0
15/10/2022,11.11,25,25,25,0,0,0,0,0,0,0,0,1,0,2,3,0,2,2,0
16/10/2022,11.11,25,25,25,0,0,0,0,0,0,0,0,1,0,2,3,0,2,2,0
17/10/2022,11.11,25,25,25,0,0,0,0,0,0,0,0,1,0,2,3,0,2,2,0
18/10/2022,11.11,25,25,25,0,0,0,0,0,0,0,0,1,0,2,3,0,2,2,0
19/10/2022,11.11,25,25,25,0,0,0,0,0,0,0,0,1,0,2,3,0,2,2,0
20/10/2022,11.11,25,25,25,0,0,0,0,0,0,0,0,1,0,2,3,0,2,2,0
21/10/2022,11.11,25,25,25,0,0,0,0,0,0,0,0,1,0,2,3,0,2,2,0
22/10/2022,11.11,25,25,25,0,0,0,0,0,0,0,0,1,0,2,3,0,2,2,0
23/10/2022,11.11,25,25,25,0,0,0,0,0,0,0,0,1,0,2,3,0,2,2,0
24/10/2022,11.11,25,25,25,0,0,0,0,0,0,0,0,1,0,2,3,0,2,2,0
25/10/2022,11.11,25,25,25,0,0,0,0,0,0,0,0,1,0,2,3,0,2,2,0
26/10/2022,11.11,25,25,25,0,0,0,0,0,0,0,0,1,0,2,3,0,2,2,0
27/10/2022,11.11,25,25,25,0,0,0,0,0,0,0,0,1,0,2,3,0,2,2,0
28/10/2022,11.11,25,25,25,0,0,0,0,0,0,0,0,1,0,2,3,0,2,2,0
29/10/2022,11.11,25,25,25,0,0,0,0,0,0,0,0,1,0,2,3,0,2,2,0
30/10/2022,11.11,25,25,25,0,0,0,0,0,0,0,0,1,0,2,3,0,2,2,0
31/10/2022,11.11,25,25,25,0,0,0,0,0,0,0,0,1,0,2,3,0,2,2,0
1/11/2022,11.11,25,25,25,0,0,0,0,0,0,0,0,1,0,2,3,0,2,2,0
2/11/2022,11.11,25,25,25,0,0,0,0,0,0,0,0,1,0,2,3,0,2,2,0
3/11/2022,11.11,25,25,25,0,0,0,0,0,0,0,0,1,0,2,3,0,2,2,0
4/11/2022,11.11,25,25,25,0,0,0,0,0,0,0,0,1,0,2,3,0,2,2,0
5/11/2022,11.11,25,25,25,0,0,0,0,0,0,0,0,1,0,2,3,0,2,2,0
6/11/2022,11.11,25,25,25,0,0,0,0,0,0,0,0,1,0,2,3,0,2,2,0
7/11/2022,11.11,25,25,25,0,0,0,0,0,0,0,0,1,0,2,3,0,2,2,0
8/11/2022,11.11,25,25,25,0,0,0,0,0,0,0,0,1,0,2,3,0,2,2,0
9/11/2022,11.11,25,25,25,0,0,0,0,0,0,0,0,1,0,2,3,0,2,2,0
10/11/2022,11.11,25,25,25,0,0,0,0,0,0,0,0,1,0,2,3,0,2,2,0
11/11/2022,11.11,25,25,25,0,0,0,0,0,0,0,0,1,0,2,3,0,2,2,0
12/11/2022,11.11,25,25,25,0,0,0,0,0,0,0,0,1,0,2,3,0,2,2,0
13/11/2022,11.11,25,25,25,0,0,0,0,0,0,0,0,1,0,2,3,0,2,2,0
14/11/2022,11.11,25,25,25,0,0,0,0,0,0,0,0,1,0,2,3,0,2,2,0
15/11/2022,11.11,25,25,25,0,0,0,0,0,0,0,0,1,0,2,3,0,2,2,0
16/11/2022,11.11,25,25,25,0,0,0,0,0,0,0,0,1,0,2,3,0,2,2,0
17/11/2022,11.11,25,25,25,0,0,0,0,0,0,0,0,1,0,2,3,0,2,2,0
18/11/2022,11.11,25,25,25,0,0,0,0,0,0,0,0,1,0,2,3,0,2,2,0
19/11/2022,11.11,25,25,25,0,0,0,0,0,0,0,0,1,0,2,3,0,2,2,0
20/11/2022,11.11,25,25,25,0,0,0,0,0,0,0,0,1,0,2,3,0,2,2,0
21/11/2022,11.11,25,25,25,0,0,0,0,0,0,0,0,1,0,2,3,0,2,2,0
22/11/2022,11.11,25,25,25,0,0,0,0,0,0,0,0,1,0,2,3,0,2,2,0
23/11/2022,11.11,25,25,25,0,0,0,0,0,0,0,0,1,0,2,3,0,2,2,0
24/11/2022,11.11,25,25,25,0,0,0,0,0,0,0,0,1,0,2,3,0,2,2,0
25/11/2022,11.11,25,25,25,0,0,0,0,0,0,0,0,1,0,2,3,0,2,2,0
26/11/2022,11.11,25,25,25,0,0,0,0,0,0,0,0,1,0,2,3,0,2,2,0
27/11/2022,11.11,25,25,25,0,0,0,0,0,0,0,0,1,0,2,3,0,2,2,0
28/11/2022,11.11,25,25,25,0,0,0,0,0,0,0,0,1,0,2,3,0,2,2,0
29/11/2022,11.11,25,25,25,0,0,0,0,0,0,0,0,1,0,2,3,0,2,2,0
30/11/2022,11.11,25,25,25,0,0,0,0,0,0,0,0,1,0,2,3,0,2,2,0
1/12/2022,11.11,25,25,25,0,0,0,0,0,0,0,0,1,0,2,3,0,2,2,0
2/12/2022,11.11,25,25,25,0,0,0,0,0,0,0,0,1,0,2,3,0,2,2,0
3/12/2022,11.11,25,25,25,0,0,0,0,0,0,0,0,1,0,2,3,0,2,2,0
4/12/2022,11.11,25,25,25,0,0,0,0,0,0,0,0,1,0,2,3,0,2,2,0
5/12/2022,11.11,25,25,25,0,0,0,0,0,0,0,0,1,0,2,3,0,2,2,0
6/12/2022,11.11,25,25,25,0,0,0,0,0,0,0,0,1,0,2,3,0,2,2,0
7/12/2022,11.11,25,25,25,0,0,0,0,0,0,0,0,1,0,2,3,0,2,2,0
8/12/2022,11.11,25,25,25,0,0,0,0,0,0,0,0,1,0,2,3,0,2,2,0
9/12/2022,11.11,25,25,25,0,0,0,0,0,0,0,0,1,0,2,3,0,2,2,0
10/12/2022,11.11,25,25,25,0,0,0,0,0,0,0,0,1,0,2,3,0,2,2,0
11/12/2022,11.11,25,25,25,0,0,0,0,0,0,0,0,1,0,2,3,0,2,2,0
12/12/2022,11.11,25,25,25,0,0,0,0,0,0,0,0,1,0,2,3,0,2,2,0
13/12/2022,11.11,25,25,25,0,0,0,0,0,0,0,0,1,0,2,3,0,2,2,0
14/12/2022,11.11,25,25,25,0,0,0,0,0,0,0,0,1,0,2,3,0,2,2,0
15/12/2022,11.11,25,25,25,0,0,0,0,0,0,0,0,1,0,2,3,0,2,2,0
16/12/2022,11.11,25,25,25,0,0,0,0,0,0,0,0,1,0,2,3,0,2,2,0
17/12/2022,11.11,25,25,25,0,0,0,0,0,0,0,0,1,0,2,3,0,2,2,0
18/12/2022,11.11,25,25,25,0,0,0,0,0,0,0,0,1,0,2,3,0,2,2,0
19/12/2022,11.11,25,25,25,0,0,0,0,0,0,0,0,1,0,2,3,0,2,2,0
20/12/2022,11.11,25,25,25,0,0,0,0,0,0,0,0,1,0,2,3,0,2,2,0
21/12/2022,11.11,25,25,25,0,0,0,0,0,0,0,0,1,0,2,3,0,2,2,0
22/12/2022,11.11,25,25,25,0,0,0,0,0,0,0,0,1,0,2,3,0,2,2,0
23/12/2022,11.11,25,25,25,0,0,0,0,0,0,0,0,1,0,2,3,0,2,2,0
24/12/2022,11.11,25,25,25,0,0,0,0,0,0,0,0,1,0,2,3,0,2,2,0
25/12/2022,11.11,25,25,25,0,0,0,0,0,0,0,0,1,0,2,3,0,2,2,0
26/12/2022,11.11,25,25,25,0,0,0,0,0,0,0,0,1,0,2,3,0,2,2,0
27/12/2022,11.11,25,25,25,0,0,0,0,0,0,0,0,1,0,2,3,0,2,2,0
28/12/2022,11.11,25,25,25,0,0,0,0,0,0,0,0,1,0,2,3,0,2,2,0
29/12/2022,11.11,25,25,25,0,0,0,0,0,0,0,0,1,0,2,3,0,2,2,0
30/12/2022,11.11,25,25,25,0,0,0,0,0,0,0,0,1,0,2,3,0,2,2,0
31/12/2022,11.11,25,25,25,0,0,0,0,0,0,0,0,1,0,2,3,0,2,2,0
1/01/2023,11.11,25,25,25,0,0,0,0,0,0,0,0,1,0,1,3,0,1,2,0
2/01/2023,11.11,25,25,25,0,0,0,0,0,0,0,0,1,0,1,3,0,1,2,0
3/01/2023,11.11,25,25,25,0,0,0,0,0,0,0,0,1,0,1,3,0,1,2,0
4/01/2023,11.11,25,25,25,0,0,0,0,0,0,0,0,1,0,1,3,0,1,2,0
5/01/2023,11.11,25,25,25,0,0,0,0,0,0,0,0,1,0,1,3,0,1,2,0
6/01/2023,11.11,25,25,25,0,0,0,0,0,0,0,0,1,0,1,3,0,1,2,0
7/01/2023,11.11,25,25,25,0,0,0,0,0,0,0,0,1,0,1,3,0,1,2,0
8/01/2023,11.11,25,25,25,0,0,0,0,0,0,0,0,1,0,1,3,0,1,2,0
9/01/2023,11.11,25,25,25,0,0,0,0,0,0,0,0,1,0,1,3,0,1,2,0
10/01/2023,11.11,25,25,25,0,0,0,0,0,0,0,0,1,0,1,3,0,1,2,0
11/01/2023,11.11,25,25,25,0,0,0,0,0,0,0,0,1,0,1,3,0,1,2,0
12/01/2023,11.11,25,25,25,0,0,0,0,0,0,0,0,1,0,1,3,0,1,2,0
13/01/2023,11.11,25,25,25,0,0,0,0,0,0,0,0,1,0,1,3,0,1,2,0
14/01/2023,11.11,25,25,25,0,0,0,0,0,0,0,0,1,0,1,3,0,1,2,0
15/01/2023,11.11,25,25,25,0,0,0,0,0,0,0,0,1,0,1,3,0,1,2,0
16/01/2023,11.11,25,25,25,0,0,0,0,0,0,0,0,1,0,1,3,0,1,2,0
17/01/2023,11.11,25,25,25,0,0,0,0,0,0,0,0,1,0,1,3,0,1,2,0
18/01/2023,11.11,25,25,25,0,0,0,0,0,0,0,0,1,0,1,3,0,1,2,0
19/01/2023,11.11,25,25,25,0,0,0,0,0,0,0,0,1,0,1,3,0,1,2,0
20/01/2023,11.11,25,25,25,0,0,0,0,0,0,0,0,1,0,1,3,0,1,2,0
21/01/2023,11.11,25,25,25,0,0,0,0,0,0,0,0,1,0,1,3,0,1,2,0
22/01/2023,11.11,25,25,25,0,0,0,0,0,0,0,0,1,0,1,3,0,1,2,0
23/01/2023,11.11,25,25,25,0,0,0,0,0,0,0,0,1,0,1,3,0,1,2,0
24/01/2023,11.11,25,25,25,0,0,0,0,0,0,0,0,1,0,1,3,0,1,2,0
25/01/2023,11.11,25,25,25,0,0,0,0,0,0,0,0,1,0,1,3,0,1,2,0
26/01/2023,11.11,25,25,25,0,0,0,0,0,0,0,0,1,0,1,3,0,1,2,0
27/01/2023,11.11,25,25,25,0,0,0,0,0,0,0,0,1,0,1,3,0,1,2,0
28/01/2023,11.11,25,25,25,0,0,0,0,0,0,0,0,1,0,1,3,0,1,2,0
29/01/2023,11.11,25,25,25,0,0,0,0,0,0,0,0,1,0,1,3,0,1,2,0
30/01/2023,11.11,25,25,25,0,0,0,0,0,0,0,0,1,0,1,3,0,1,2,0
31/01/2023,11.11,25,25,25,0,0,0,0,0,0,0,0,1,0,1,3,0,1,2,0
1/02/2023,11.11,25,25,25,0,0,0,0,0,0,0,0,1,0,1,3,0,1,2,0
2/02/2023,11.11,25,25,25,0,0,0,0,0,0,0,0,1,0,1,3,0,1,2,0
3/02/2023,11.11,25,25,25,0,0,0,0,0,0,0,0,1,0,1,3,0,1,2,0
4/02/2023,11.11,25,25,25,0,0,0,0,0,0,0,0,1,0,1,3,0,1,2,0
5/02/2023,11.11,25,25,25,0,0,0,0,0,0,0,0,1,0,1,3,0,1,2,0
6/02/2023,11.11,25,25,25,0,0,0,0,0,0,0,0,1,0,1,3,0,1,2,0
7/02/2023,11.11,25,25,25,0,0,0,0,0,0,0,0,1,0,1,3,0,1,2,0
8/02/2023,11.11,25,25,25,0,0,0,0,0,0,0,0,1,0,1,3,0,1,2,0
9/02/2023,11.11,25,25,25,0,0,0,0,0,0,0,0,1,0,1,3,0,1,2,0
10/02/2023,11.11,25,25,25,0,0,0,0,0,0,0,0,1,0,1,3,0,1,2,0
11/02/2023,11.11,25,25,25,0,0,0,0,0,0,0,0,1,0,1,3,0,1,2,0
12/02/2023,11.11,25,25,25,0,0,0,0,0,0,0,0,1,0,1,3,0,1,2,0
13/02/2023,11.11,25,25,25,0,0,0,0,0,0,0,0,1,0,1,3,0,1,2,0
14/02/2023,11.11,25,25,25,0,0,0,0,0,0,0,0,1,0,1,3,0,1,2,0
15/02/2023,11.11,25,25,25,0,0,0,0,0,0,0,0,1,0,1,3,0,1,2,0
16/02/2023,11.11,25,25,25,0,0,0,0,0,0,0,0,1,0,1,3,0,1,2,0
17/02/2023,11.11,25,25,25,0,0,0,0,0,0,0,0,1,0,1,3,0,1,2,0
18/02/2023,11.11,25,25,25,0,0,0,0,0,0,0,0,1,0,1,3,0,1,2,0
19/02/2023,11.11,25,25,25,0,0,0,0,0,0,0,0,1,0,1,3,0,1,2,0
20/02/2023,11.11,25,25,25,0,0,0,0,0,0,0,0,1,0,1,3,0,1,2,0
21/02/2023,11.11,25,25,25,0,0,0,0,0,0,0,0,1,0,1,3,0,1,2,0
22/02/2023,11.11,25,25,25,0,0,0,0,0,0,0,0,1,0,1,3,0,1,2,0
23/02/2023,11.11,25,25,25,0,0,0,0,0,0,0,0,1,0,1,3,0,1,2,0
24/02/2023,11.11,25,25,25,0,0,0,0,0,0,0,0,1,0,1,3,0,1,2,0
25/02/2023,11.11,25,25,25,0,0,0,0,0,0,0,0,1,0,1,3,0,1,2,0
26/02/2023,11.11,25,25,25,0,0,0,0,0,0,0,0,1,0,1,3,0,1,2,0
27/02/2023,11.11,25,25,25,0,0,0,0,0,0,0,0,1,0,1,3,0,1,2,0
28/02/2023,11.11,25,25,25,0,0,0,0,0,0,0,0,1,0,1,3,0,1,2,0
1/03/2023,11.11,25,25,25,0,0,0,0,0,0,0,0,1,0,1,3,0,1,2,0
2/03/2023,11.11,25,25,25,0,0,0,0,0,0,0,0,1,0,1,3,0,1,2,0
3/03/2023,11.11,25,25,25,0,0,0,0,0,0,0,0,1,0,1,3,0,1,2,0
4/03/2023,11.11,25,25,25,0,0,0,0,0,0,0,0,1,0,1,3,0,1,2,0
5/03/2023,11.11,25,25,25,0,0,0,0,0,0,0,0,1,0,1,3,0,1,2,0
6/03/2023,11.11,25,25,25,0,0,0,0,0,0,0,0,1,0,1,3,0,1,2,0
7/03/2023,11.11,25,25,25,0,0,0,0,0,0,0,0,1,0,1,3,0,1,2,0
8/03/2023,11.11,25,25,25,0,0,0,0,0,0,0,0,1,0,1,3,0,1,2,0
9/03/2023,11.11,25,25,25,0,0,0,0,0,0,0,0,1,0,1,3,0,1,2,0
10/03/2023,11.11,25,25,25,0,0,0,0,0,0,0,0,1,0,1,3,0,1,2,0
11/03/2023,11.11,25,25,25,0,0,0,0,0,0,0,0,1,0,1,3,0,1,2,0
12/03/2023,11.11,25,25,25,0,0,0,0,0,0,0,0,1,0,1,3,0,1,2,0
13/03/2023,11.11,25,25,25,0,0,0,0,0,0,0,0,1,0,1,3,0,1,2,0
14/03/2023,11.11,25,25,25,0,0,0,0,0,0,0,0,1,0,1,3,0,1,2,0
15/03/2023,11.11,25,25,25,0,0,0,0,0,0,0,0,1,0,1,3,0,1,2,0
16/03/2023,11.11,25,25,25,0,0,0,0,0,0,0,0,1,0,1,3,0,1,2,0
17/03/2023,11.11,25,25,25,0,0,0,0,0,0,0,0,1,0,1,3,0,1,2,0
18/03/2023,11.11,25,25,25,0,0,0,0,0,0,0,0,1,0,1,3,0,1,2,0
19/03/2023,11.11,25,25,25,0,0,0,0,0,0,0,0,1,0,1,3,0,1,2,0
20/03/2023,11.11,25,25,25,0,0,0,0,0,0,0,0,1,0,1,3,0,1,2,0
21/03/2023,11.11,25,25,25,0,0,0,0,0,0,0,0,1,0,1,3,0,1,2,0
22/03/2023,11.11,25,25,25,0,0,0,0,0,0,0,0,1,0,1,3,0,1,2,0
23/03/2023,11.11,25,25,25,0,0,0,0,0,0,0,0,1,0,1,3,0,1,2,0
24/03/2023,11.11,25,25,25,0,0,0,0,0,0,0,0,1,0,1,3,0,1,2,0
25/03/2023,11.11,25,25,25,0,0,0,0,0,0,0,0,1,0,1,3,0,1,2,0
26/03/2023,11.11,25,25,25,0,0,0,0,0,0,0,0,1,0,1,3,0,1,2,0
27/03/2023,11.11,25,25,25,0,0,0,0,0,0,0,0,1,0,1,3,0,1,2,0
28/03/2023,11.11,25,25,25,0,0,0,0,0,0,0,0,1,0,1,3,0,1,2,0
29/03/2023,11.11,25,25,25,0,0,0,0,0,0,0,0,1,0,1,3,0,1,2,0
30/03/2023,11.11,25,25,25,0,0,0,0,0,0,0,0,1,0,1,3,0,1,2,0
31/03/2023,11.11,25,25,25,0,0,0,0,0,0,0,0,1,0,1,3,0,1,2,0
1/04/2023,11.11,25,25,25,0,0,0,0,0,0,0,0,1,0,1,3,0,1,2,0
2/04/2023,11.11,25,25,25,0,0,0,0,0,0,0,0,1,0,1,3,0,1,2,0
3/04/2023,11.11,25,25,25,0,0,0,0,0,0,0,0,1,0,1,3,0,1,2,0
4/04/2023,11.11,25,25,25,0,0,0,0,0,0,0,0,1,0,1,3,0,1,2,0
5/04/2023,11.11,25,25,25,0,0,0,0,0,0,0,0,1,0,1,3,0,1,2,0
6/04/2023,11.11,25,25,25,0,0,0,0,0,0,0,0,1,0,1,3,0,1,2,0
7/04/2023,11.11,25,25,25,0,0,0,0,0,0,0,0,1,0,1,3,0,1,2,0
8/04/2023,11.11,25,25,25,0,0,0,0,0,0,0,0,1,0,1,3,0,1,2,0
9/04/2023,11.11,25,25,25,0,0,0,0,0,0,0,0,1,0,1,3,0,1,2,0
10/04/2023,11.11,25,25,25,0,0,0,0,0,0,0,0,1,0,1,3,0,1,2,0
11/04/2023,11.11,25,25,25,0,0,0,0,0,0,0,0,1,0,1,3,0,1,2,0
12/04/2023,11.11,25,25,25,0,0,0,0,0,0,0,0,1,0,1,3,0,1,2,0
13/04/2023,11.11,25,25,25,0,0,0,0,0,0,0,0,1,0,1,3,0,1,2,0
14/04/2023,11.11,25,25,25,0,0,0,0,0,0,0,0,1,0,1,3,0,1,2,0
15/04/2023,11.11,25,25,25,0,0,0,0,0,0,0,0,1,0,1,3,0,1,2,0
16/04/2023,11.11,25,25,25,0,0,0,0,0,0,0,0,1,0,1,3,0,1,2,0
17/04/2023,11.11,25,25,25,0,0,0,0,0,0,0,0,1,0,1,3,0,1,2,0
18/04/2023,11.11,25,25,25,0,0,0,0,0,0,0,0,1,0,1,3,0,1,2,0
19/04/2023,11.11,25,25,25,0,0,0,0,0,0,0,0,1,0,1,3,0,1,2,0
20/04/2023,11.11,25,25,25,0,0,0,0,0,0,0,0,1,0,1,3,0,1,2,0
21/04/2023,11.11,25,25,25,0,0,0,0,0,0,0,0,1,0,1,3,0,1,2,0
22/04/2023,11.11,25,25,25,0,0,0,0,0,0,0,0,1,0,1,3,0,1,2,0
23/04/2023,11.11,25,25,25,0,0,0,0,0,0,0,0,1,0,1,3,0,1,2,0
24/04/2023,11.11,25,25,25,0,0,0,0,0,0,0,0,1,0,1,3,0,1,2,0
25/04/2023,11.11,25,25,25,0,0,0,0,0,0,0,0,1,0,1,3,0,1,2,0
26/04/2023,11.11,25,25,25,0,0,0,0,0,0,0,0,1,0,1,3,0,1,2,0
27/04/2023,11.11,25,25,25,0,0,0,0,0,0,0,0,1,0,1,3,0,1,2,0
28/04/2023,11.11,25,25,25,0,0,0,0,0,0,0,0,1,0,1,3,0,1,2,0
29/04/2023,11.11,25,25,25,0,0,0,0,0,0,0,0,1,0,1,3,0,1,2,0
30/04/2023,11.11,25,25,25,0,0,0,0,0,0,0,0,1,0,1,3,0,1,2,0
1/05/2023,11.11,25,25,25,0,0,0,0,0,0,0,0,1,0,1,3,0,1,2,0
2/05/2023,11.11,25,25,25,0,0,0,0,0,0,0,0,1,0,1,3,0,1,2,0
3/05/2023,11.11,25,25,25,0,0,0,0,0,0,0,0,1,0,1,3,0,1,2,0
4/05/2023,11.11,25,25,25,0,0,0,0,0,0,0,0,1,0,1,3,0,1,2,0
5/05/2023,11.11,25,25,25,0,0,0,0,0,0,0,0,1,0,1,3,0,1,2,0
6/05/2023,11.11,25,25,25,0,0,0,0,0,0,0,0,1,0,1,3,0,1,2,0
7/05/2023,11.11,25,25,25,0,0,0,0,0,0,0,0,1,0,1,3,0,1,2,0
8/05/2023,11.11,25,25,25,0,0,0,0,0,0,0,0,1,0,1,3,0,1,2,0
9/05/2023,11.11,25,25,25,0,0,0,0,0,0,0,0,1,0,1,3,0,1,2,0
10/05/2023,11.11,25,25,25,0,0,0,0,0,0,0,0,1,0,1,3,0,1,2,0
11/05/2023,11.11,25,25,25,0,0,0,0,0,0,0,0,1,0,1,3,0,1,2,0
12/05/2023,11.11,25,25,25,0,0,0,0,0,0,0,0,1,0,1,3,0,1,2,0
13/05/2023,11.11,25,25,25,0,0,0,0,0,0,0,0,1,0,1,3,0,1,2,0
14/05/2023,11.11,25,25,25,0,0,0,0,0,0,0,0,1,0,1,3,0,1,2,0
15/05/2023,11.11,25,25,25,0,0,0,0,0,0,0,0,1,0,1,3,0,1,2,0
16/05/2023,11.11,25,25,25,0,0,0,0,0,0,0,0,1,0,1,3,0,1,2,0
17/05/2023,11.11,25,25,25,0,0,0,0,0,0,0,0,1,0,1,3,0,1,2,0
18/05/2023,11.11,25,25,25,0,0,0,0,0,0,0,0,1,0,1,3,0,1,2,0
19/05/2023,11.11,25,25,25,0,0,0,0,0,0,0,0,1,0,1,3,0,1,2,0
20/05/2023,11.11,25,25,25,0,0,0,0,0,0,0,0,1,0,1,3,0,1,2,0
21/05/2023,11.11,25,25,25,0,0,0,0,0,0,0,0,1,0,1,3,0,1,2,0
22/05/2023,11.11,25,25,25,0,0,0,0,0,0,0,0,1,0,1,3,0,1,2,0
23/05/2023,11.11,25,25,25,0,0,0,0,0,0,0,0,1,0,1,3,0,1,2,0
24/05/2023,11.11,25,25,25,0,0,0,0,0,0,0,0,1,0,1,3,0,1,2,0
25/05/2023,11.11,25,25,25,0,0,0,0,0,0,0,0,1,0,1,3,0,1,2,0
26/05/2023,11.11,25,25,25,0,0,0,0,0,0,0,0,1,0,1,3,0,1,2,0
27/05/2023,11.11,25,25,25,0,0,0,0,0,0,0,0,1,0,1,3,0,1,2,0
28/05/2023,11.11,25,25,25,0,0,0,0,0,0,0,0,1,0,1,3,0,1,2,0
29/05/2023,11.11,25,25,25,0,0,0,0,0,0,0,0,1,0,1,3,0,1,2,0
30/05/2023,11.11,25,25,25,0,0,0,0,0,0,0,0,1,0,1,3,0,1,2,0
31/05/2023,11.11,25,25,25,0,0,0,0,0,0,0,0,1,0,1,3,0,1,2,0
1/06/2023,11.11,25,25,25,0,0,0,0,0,0,0,0,1,0,1,3,0,1,2,0
2/06/2023,11.11,25,25,25,0,0,0,0,0,0,0,0,1,0,1,3,0,1,2,0
3/06/2023,11.11,25,25,25,0,0,0,0,0,0,0,0,1,0,1,3,0,1,2,0
4/06/2023,11.11,25,25,25,0,0,0,0,0,0,0,0,1,0,1,3,0,1,2,0
5/06/2023,11.11,25,25,25,0,0,0,0,0,0,0,0,1,0,1,3,0,1,2,0
6/06/2023,11.11,25,25,25,0,0,0,0,0,0,0,0,1,0,1,3,0,1,2,0
7/06/2023,11.11,25,25,25,0,0,0,0,0,0,0,0,1,0,1,3,0,1,2,0
8/06/2023,11.11,25,25,25,0,0,0,0,0,0,0,0,1,0,1,3,0,1,2,0
9/06/2023,11.11,25,25,25,0,0,0,0,0,0,0,0,1,0,1,3,0,1,2,0
10/06/2023,11.11,25,25,25,0,0,0,0,0,0,0,0,1,0,1,3,0,1,2,0
11/06/2023,11.11,25,25,25,0,0,0,0,0,0,0,0,1,0,1,3,0,1,2,0
12/06/2023,11.11,25,25,25,0,0,0,0,0,0,0,0,1,0,1,3,0,1,2,0
13/06/2023,11.11,25,25,25,0,0,0,0,0,0,0,0,1,0,1,3,0,1,2,0
14/06/2023,11.11,25,25,25,0,0,0,0,0,0,0,0,1,0,1,3,0,1,2,0
15/06/2023,11.11,25,25,25,0,0,0,0,0,0,0,0,1,0,1,3,0,1,2,0
16/06/2023,11.11,25,25,25,0,0,0,0,0,0,0,0,1,0,1,3,0,1,2,0
17/06/2023,11.11,25,25,25,0,0,0,0,0,0,0,0,1,0,1,3,0,1,2,0
18/06/2023,11.11,25,25,25,0,0,0,0,0,0,0,0,1,0,1,3,0,1,2,0
19/06/2023,11.11,25,25,25,0,0,0,0,0,0,0,0,1,0,1,3,0,1,2,0
20/06/2023,11.11,25,25,25,0,0,0,0,0,0,0,0,1,0,1,3,0,1,2,0
21/06/2023,11.11,25,25,25,0,0,0,0,0,0,0,0,1,0,1,3,0,1,2,0
22/06/2023,11.11,25,25,25,0,0,0,0,0,0,0,0,1,0,1,3,0,1,2,0
23/06/2023,11.11,25,25,25,0,0,0,0,0,0,0,0,1,0,1,3,0,1,2,0
24/06/2023,11.11,25,25,25,0,0,0,0,0,0,0,0,1,0,1,3,0,1,2,0
25/06/2023,11.11,25,25,25,0,0,0,0,0,0,0,0,1,0,1,3,0,1,2,0
26/06/2023,11.11,25,25,25,0,0,0,0,0,0,0,0,1,0,1,3,0,1,2,0
27/06/2023,11.11,25,25,25,0,0,0,0,0,0,0,0,1,0,1,3,0,1,2,0
28/06/2023,11.11,25,25,25,0,0,0,0,0,0,0,0,1,0,1,3,0,1,2,0
29/06/2023,11.11,25,25,25,0,0,0,0,0,0,0,0,1,0,1,3,0,1,2,0
30/06/2023,11.11,25,25,25,0,0,0,0,0,0,0,0,1,0,1,3,0,1,2,0
1/07/2023,11.11,25,25,25,0,0,0,0,0,0,0,0,1,0,1,3,0,1,2,0
2/07/2023,11.11,25,25,25,0,0,0,0,0,0,0,0,1,0,1,3,0,1,2,0
3/07/2023,11.11,25,25,25,0,0,0,0,0,0,0,0,1,0,1,3,0,1,2,0
4/07/2023,11.11,25,25,25,0,0,0,0,0,0,0,0,1,0,1,3,0,1,2,0
5/07/2023,11.11,25,25,25,0,0,0,0,0,0,0,0,1,0,1,3,0,1,2,0
6/07/2023,11.11,25,25,25,0,0,0,0,0,0,0,0,1,0,1,3,0,1,2,0
7/07/2023,11.11,25,25,25,0,0,0,0,0,0,0,0,1,0,1,3,0,1,2,0
8/07/2023,11.11,25,25,25,0,0,0,0,0,0,0,0,1,0,1,3,0,1,2,0
9/07/2023,11.11,25,25,25,0,0,0,0,0,0,0,0,1,0,1,3,0,1,2,0
10/07/2023,11.11,25,25,25,0,0,0,0,0,0,0,0,1,0,1,3,0,1,2,0
11/07/2023,11.11,25,25,25,0,0,0,0,0,0,0,0,1,0,1,3,0,1,2,0
12/07/2023,11.11,25,25,25,0,0,0,0,0,0,0,0,1,0,1,3,0,1,2,0
13/07/2023,11.11,25,25,25,0,0,0,0,0,0,0,0,1,0,1,3,0,1,2,0
14/07/2023,11.11,25,25,25,0,0,0,0,0,0,0,0,1,0,1,3,0,1,2,0
15/07/2023,11.11,25,25,25,0,0,0,0,0,0,0,0,1,0,1,3,0,1,2,0
16/07/2023,11.11,25,25,25,0,0,0,0,0,0,0,0,1,0,1,3,0,1,2,0
17/07/2023,11.11,25,25,25,0,0,0,0,0,0,0,0,1,0,1,3,0,1,2,0
18/07/2023,11.11,25,25,25,0,0,0,0,0,0,0,0,1,0,1,3,0,1,2,0
19/07/2023,11.11,25,25,25,0,0,0,0,0,0,0,0,1,0,1,3,0,1,2,0
20/07/2023,11.11,25,25,25,0,0,0,0,0,0,0,0,1,0,1,3,0,1,2,0
21/07/2023,11.11,25,25,25,0,0,0,0,0,0,0,0,1,0,1,3,0,1,2,0
22/07/2023,11.11,25,25,25,0,0,0,0,0,0,0,0,1,0,1,3,0,1,2,0
23/07/2023,11.11,25,25,25,0,0,0,0,0,0,0,0,1,0,1,3,0,1,2,0
24/07/2023,11.11,25,25,25,0,0,0,0,0,0,0,0,1,0,1,3,0,1,2,0
25/07/2023,11.11,25,25,25,0,0,0,0,0,0,0,0,1,0,1,3,0,1,2,0
26/07/2023,11.11,25,25,25,0,0,0,0,0,0,0,0,1,0,1,3,0,1,2,0
27/07/2023,11.11,25,25,25,0,0,0,0,0,0,0,0,1,0,1,3,0,1,2,0
28/07/2023,11.11,25,25,25,0,0,0,0,0,0,0,0,1,0,1,3,0,1,2,0
29/07/2023,11.11,25,25,25,0,0,0,0,0,0,0,0,1,0,1,3,0,1,2,0
30/07/2023,11.11,25,25,25,0,0,0,0,0,0,0,0,1,0,1,3,0,1,2,0
31/07/2023,11.11,25,25,25,0,0,0,0,0,0,0,0,1,0,1,3,0,1,2,0
1/08/2023,11.11,25,25,25,0,0,0,0,0,0,0,0,1,0,1,3,0,1,2,0
2/08/2023,11.11,25,25,25,0,0,0,0,0,0,0,0,1,0,1,3,0,1,2,0
3/08/2023,11.11,25,25,25,0,0,0,0,0,0,0,0,1,0,1,3,0,1,2,0
4/08/2023,11.11,25,25,25,0,0,0,0,0,0,0,0,1,0,1,3,0,1,2,0
5/08/2023,11.11,25,25,25,0,0,0,0,0,0,0,0,1,0,1,3,0,1,2,0
6/08/2023,11.11,25,25,25,0,0,0,0,0,0,0,0,1,0,1,3,0,1,2,0
7/08/2023,11.11,25,25,25,0,0,0,0,0,0,0,0,1,0,1,3,0,1,2,0
8/08/2023,11.11,25,25,25,0,0,0,0,0,0,0,0,1,0,1,3,0,1,2,0
9/08/2023,11.11,25,25,25,0,0,0,0,0,0,0,0,1,0,1,3,0,1,2,0
10/08/2023,11.11,25,25,25,0,0,0,0,0,0,0,0,1,0,1,3,0,1,2,0
11/08/2023,11.11,25,25,25,0,0,0,0,0,0,0,0,1,0,1,3,0,1,2,0
12/08/2023,11.11,25,25,25,0,0,0,0,0,0,0,0,1,0,1,3,0,1,2,0
13/08/2023,11.11,25,25,25,0,0,0,0,0,0,0,0,1,0,1,3,0,1,2,0
14/08/2023,11.11,25,25,25,0,0,0,0,0,0,0,0,1,0,1,3,0,1,2,0
15/08/2023,11.11,22.78,21.67,0,0,0,0,0,0,0,0,0,1,0,1,3,0,1,1,0
16/08/2023,11.11,17.22,21.67,0,0,0,0,0,0,0,0,0,0,0,1,3,0,1,1,0
17/08/2023,11.11,18.54,21.67,0,0,0,0,0,0,0,0,0,0,0,1,3,0,0,1,0
18/08/2023,11.11,18.54,21.67,0,0,0,0,0,0,0,0,0,0,0,1,3,0,0,1,0
19/08/2023,11.11,18.54,21.67,0,0,0,0,0,0,0,0,0,0,0,1,3,0,0,1,0
20/08/2023,11.11,18.54,21.67,0,0,0,0,0,0,0,0,0,0,0,1,3,0,0,1,0
21/08/2023,11.11,18.54,21.67,0,0,0,0,0,0,0,0,0,0,0,1,3,0,0,1,0
22/08/2023,11.11,18.54,21.67,0,0,0,0,0,0,0,0,0,0,0,1,3,0,0,1,0
23/08/2023,11.11,18.54,21.67,0,0,0,0,0,0,0,0,0,0,0,1,3,0,0,1,0
24/08/2023,11.11,18.54,21.67,0,0,0,0,0,0,0,0,0,0,0,1,3,0,0,1,0
25/08/2023,11.11,18.54,21.67,0,0,0,0,0,0,0,0,0,0,0,1,3,0,0,1,0
26/08/2023,11.11,18.54,21.67,0,0,0,0,0,0,0,0,0,0,0,1,3,0,0,1,0
27/08/2023,11.11,18.54,21.67,0,0,0,0,0,0,0,0,0,0,0,1,3,0,0,1,0
28/08/2023,11.11,18.54,21.67,0,0,0,0,0,0,0,0,0,0,0,1,3,0,0,1,0
29/08/2023,11.11,18.54,21.67,0,0,0,0,0,0,0,0,0,0,0,1,3,0,0,1,0
30/08/2023,11.11,18.54,21.67,0,0,0,0,0,0,0,0,0,0,0,1,3,0,0,1,0
31/08/2023,11.11,18.54,21.67,0,0,0,0,0,0,0,0,0,0,0,1,3,0,0,1,0
1/09/2023,11.11,18.54,21.67,0,0,0,0,0,0,0,0,0,0,0,1,3,0,0,1,0
2/09/2023,11.11,18.54,21.67,0,0,0,0,0,0,0,0,0,0,0,1,3,0,0,1,0
3/09/2023,11.11,18.54,21.67,0,0,0,0,0,0,0,0,0,0,0,1,3,0,0,1,0
4/09/2023,11.11,18.54,21.67,0,0,0,0,0,0,0,0,0,0,0,1,3,0,0,1,0
5/09/2023,11.11,18.54,21.67,0,0,0,0,0,0,0,0,0,0,0,1,3,0,0,1,0
6/09/2023,11.11,18.54,21.67,0,0,0,0,0,0,0,0,0,0,0,1,3,0,0,1,0
7/09/2023,11.11,18.54,21.67,0,0,0,0,0,0,0,0,0,0,0,1,3,0,0,1,0
8/09/2023,11.11,18.54,21.67,0,0,0,0,0,0,0,0,0,0,0,1,3,0,0,1,0
9/09/2023,11.11,18.54,21.67,0,0,0,0,0,0,0,0,0,0,0,1,3,0,0,1,0
10/09/2023,11.11,18.54,21.67,0,0,0,0,0,0,0,0,0,0,0,1,3,0,0,1,0
11/09/2023,11.11,18.54,21.67,0,0,0,0,0,0,0,0,0,0,0,1,3,0,0,1,0
12/09/2023,11.11,18.54,21.67,0,0,0,0,0,0,0,0,0,0,0,1,3,0,0,1,0
13/09/2023,11.11,18.54,21.67,0,0,0,0,0,0,0,0,0,0,0,1,3,0,0,1,0
14/09/2023,11.11,18.54,21.67,0,0,0,0,0,0,0,0,0,0,0,1,3,0,0,1,0
15/09/2023,11.11,18.54,21.67,0,0,0,0,0,0,0,0,0,0,0,1,3,0,0,1,0
16/09/2023,11.11,18.54,21.67,0,0,0,0,0,0,0,0,0,0,0,1,3,0,0,1,0
17/09/2023,11.11,18.54,21.67,0,0,0,0,0,0,0,0,0,0,0,1,3,0,0,1,0
18/09/2023,11.11,18.54,21.67,0,0,0,0,0,0,0,0,0,0,0,1,3,0,0,1,0
19/09/2023,11.11,18.54,21.67,0,0,0,0,0,0,0,0,0,0,0,1,3,0,0,1,0
20/09/2023,11.11,18.54,21.67,0,0,0,0,0,0,0,0,0,0,0,1,3,0,0,1,0
21/09/2023,11.11,18.54,21.67,0,0,0,0,0,0,0,0,0,0,0,1,3,0,0,1,0
22/09/2023,11.11,18.54,21.67,0,0,0,0,0,0,0,0,0,0,0,1,3,0,0,1,0
23/09/2023,11.11,18.54,21.67,0,0,0,0,0,0,0,0,0,0,0,1,3,0,0,1,0
24/09/2023,11.11,18.54,21.67,0,0,0,0,0,0,0,0,0,0,0,1,3,0,0,1,0
25/09/2023,11.11,18.54,21.67,0,0,0,0,0,0,0,0,0,0,0,1,3,0,0,1,0
26/09/2023,11.11,18.54,21.67,0,0,0,0,0,0,0,0,0,0,0,1,3,0,0,1,0
27/09/2023,11.11,18.54,21.67,0,0,0,0,0,0,0,0,0,0,0,1,3,0,0,1,0
28/09/2023,11.11,18.54,21.67,0,0,0,0,0,0,0,0,0,0,0,1,3,0,0,1,0
29/09/2023,11.11,18.54,21.67,0,0,0,0,0,0,0,0,0,0,0,1,3,0,0,1,0
30/09/2023,11.11,18.54,21.67,0,0,0,0,0,0,0,0,0,0,0,1,3,0,0,1,0
1/10/2023,0,12.29,15.25,0,0,0,0,0,0,0,0,0,0,0,0,3,0,0,1,0
2/10/2023,0,12.29,15.25,0,0,0,0,0,0,0,0,0,0,0,0,3,0,0,1,0
3/10/2023,0,12.29,15.25,0,0,0,0,0,0,0,0,0,0,0,0,3,0,0,1,0
4/10/2023,0,12.29,15.25,0,0,0,0,0,0,0,0,0,0,0,0,3,0,0,1,0
5/10/2023,0,12.29,15.25,0,0,0,0,0,0,0,0,0,0,0,0,3,0,0,1,0
6/10/2023,0,12.29,15.25,0,0,0,0,0,0,0,0,0,0,0,0,3,0,0,1,0
7/10/2023,0,12.29,15.25,0,0,0,0,0,0,0,0,0,0,0,0,3,0,0,1,0
8/10/2023,0,12.29,15.25,0,0,0,0,0,0,0,0,0,0,0,0,3,0,0,1,0
9/10/2023,0,12.29,15.25,0,0,0,0,0,0,0,0,0,0,0,0,3,0,0,1,0
10/10/2023,0,12.29,15.25,0,0,0,0,0,0,0,0,0,0,0,0,3,0,0,1,0
11/10/2023,0,12.29,15.25,0,0,0,0,0,0,0,0,0,0,0,0,3,0,0,1,0
12/10/2023,0,12.29,15.25,0,0,0,0,0,0,0,0,0,0,0,0,3,0,0,1,0
13/10/2023,0,12.29,15.25,0,0,0,0,0,0,0,0,0,0,0,0,3,0,0,1,0
14/10/2023,0,12.29,15.25,0,0,0,0,0,0,0,0,0,0,0,0,3,0,0,1,0
15/10/2023,0,12.29,15.25,0,0,0,0,0,0,0,0,0,0,0,0,3,0,0,1,0
16/10/2023,0,12.29,15.25,0,0,0,0,0,0,0,0,0,0,0,0,3,0,0,1,0
17/10/2023,0,12.29,15.25,0,0,0,0,0,0,0,0,0,0,0,0,3,0,0,1,0
18/10/2023,0,12.29,15.25,0,0,0,0,0,0,0,0,0,0,0,0,3,0,0,1,0
19/10/2023,0,12.29,15.25,0,0,0,0,0,0,0,0,0,0,0,0,3,0,0,1,0
20/10/2023,0,12.29,15.25,0,0,0,0,0,0,0,0,0,0,0,0,3,0,0,1,0
21/10/2023,0,12.29,15.25,0,0,0,0,0,0,0,0,0,0,0,0,3,0,0,1,0
22/10/2023,0,12.29,15.25,0,0,0,0,0,0,0,0,0,0,0,0,3,0,0,1,0
23/10/2023,0,12.29,15.25,0,0,0,0,0,0,0,0,0,0,0,0,3,0,0,1,0
24/10/2023,0,12.29,15.25,0,0,0,0,0,0,0,0,0,0,0,0,3,0,0,1,0
25/10/2023,0,12.29,15.25,0,0,0,0,0,0,0,0,0,0,0,0,3,0,0,1,0
26/10/2023,0,12.29,15.25,0,0,0,0,0,0,0,0,0,0,0,0,3,0,0,1,0
27/10/2023,0,12.29,15.25,0,0,0,0,0,0,0,0,0,0,0,0,3,0,0,1,0
28/10/2023,0,12.29,15.25,0,0,0,0,0,0,0,0,0,0,0,0,3,0,0,1,0
29/10/2023,0,12.29,15.25,0,0,0,0,0,0,0,0,0,0,0,0,3,0,0,1,0
30/10/2023,0,12.29,15.25,0,0,0,0,0,0,0,0,0,0,0,0,3,0,0,1,0
31/10/2023,0,12.29,15.25,0,0,0,0,0,0,0,0,0,0,0,0,3,0,0,1,0
1/11/2023,0,12.29,15.25,0,0,0,0,0,0,0,0,0,0,0,0,3,0,0,1,0
2/11/2023,0,12.29,15.25,0,0,0,0,0,0,0,0,0,0,0,0,3,0,0,1,0
3/11/2023,0,12.29,15.25,0,0,0,0,0,0,0,0,0,0,0,0,3,0,0,1,0
4/11/2023,0,12.29,15.25,0,0,0,0,0,0,0,0,0,0,0,0,3,0,0,1,0
5/11/2023,0,12.29,15.25,0,0,0,0,0,0,0,0,0,0,0,0,3,0,0,1,0
6/11/2023,0,12.29,15.25,0,0,0,0,0,0,0,0,0,0,0,0,3,0,0,1,0
7/11/2023,0,12.29,15.25,0,0,0,0,0,0,0,0,0,0,0,0,3,0,0,1,0
8/11/2023,0,12.29,15.25,0,0,0,0,0,0,0,0,0,0,0,0,3,0,0,1,0
9/11/2023,0,12.29,15.25,0,0,0,0,0,0,0,0,0,0,0,0,3,0,0,1,0
10/11/2023,0,12.29,15.25,0,0,0,0,0,0,0,0,0,0,0,0,3,0,0,1,0
11/11/2023,0,12.29,15.25,0,0,0,0,0,0,0,0,0,0,0,0,3,0,0,1,0
12/11/2023,0,12.29,15.25,0,0,0,0,0,0,0,0,0,0,0,0,3,0,0,1,0
13/11/2023,0,12.29,15.25,0,0,0,0,0,0,0,0,0,0,0,0,3,0,0,1,0
14/11/2023,0,12.29,15.25,0,0,0,0,0,0,0,0,0,0,0,0,3,0,0,1,0
15/11/2023,0,12.29,15.25,0,0,0,0,0,0,0,0,0,0,0,0,3,0,0,1,0
16/11/2023,0,12.29,15.25,0,0,0,0,0,0,0,0,0,0,0,0,3,0,0,1,0
17/11/2023,0,12.29,15.25,0,0,0,0,0,0,0,0,0,0,0,0,3,0,0,1,0
18/11/2023,0,12.29,15.25,0,0,0,0,0,0,0,0,0,0,0,0,3,0,0,1,0
19/11/2023,0,12.29,15.25,0,0,0,0,0,0,0,0,0,0,0,0,3,0,0,1,0
20/11/2023,0,12.29,15.25,0,0,0,0,0,0,0,0,0,0,0,0,3,0,0,1,0
21/11/2023,0,12.29,15.25,0,0,0,0,0,0,0,0,0,0,0,0,3,0,0,1,0
22/11/2023,0,12.29,15.25,0,0,0,0,0,0,0,0,0,0,0,0,3,0,0,1,0
23/11/2023,0,12.29,15.25,0,0,0,0,0,0,0,0,0,0,0,0,3,0,0,1,0
24/11/2023,0,12.29,15.25,0,0,0,0,0,0,0,0,0,0,0,0,3,0,0,1,0
25/11/2023,0,12.29,15.25,0,0,0,0,0,0,0,0,0,0,0,0,3,0,0,1,0
26/11/2023,0,12.29,15.25,0,0,0,0,0,0,0,0,0,0,0,0,3,0,0,1,0
27/11/2023,0,12.29,15.25,0,0,0,0,0,0,0,0,0,0,0,0,3,0,0,1,0
28/11/2023,0,12.29,15.25,0,0,0,0,0,0,0,0,0,0,0,0,3,0,0,1,0
29/11/2023,0,12.29,15.25,0,0,0,0,0,0,0,0,0,0,0,0,3,0,0,1,0
30/11/2023,0,12.29,15.25,0,0,0,0,0,0,0,0,0,0,0,0,3,0,0,1,0
1/12/2023,0,12.29,15.25,0,0,0,0,0,0,0,0,0,0,0,0,3,0,0,1,0
2/12/2023,0,12.29,15.25,0,0,0,0,0,0,0,0,0,0,0,0,3,0,0,1,0
3/12/2023,0,12.29,15.25,0,0,0,0,0,0,0,0,0,0,0,0,3,0,0,1,0
4/12/2023,0,12.29,15.25,0,0,0,0,0,0,0,0,0,0,0,0,3,0,0,1,0
5/12/2023,0,12.29,15.25,0,0,0,0,0,0,0,0,0,0,0,0,3,0,0,1,0
6/12/2023,0,12.29,15.25,0,0,0,0,0,0,0,0,0,0,0,0,3,0,0,1,0
7/12/2023,0,12.29,15.25,0,0,0,0,0,0,0,0,0,0,0,0,3,0,0,1,0
8/12/2023,0,12.29,15.25,0,0,0,0,0,0,0,0,0,0,0,0,3,0,0,1,0
9/12/2023,0,12.29,15.25,0,0,0,0,0,0,0,0,0,0,0,0,3,0,0,1,0
10/12/2023,0,12.29,15.25,0,0,0,0,0,0,0,0,0,0,0,0,3,0,0,1,0
11/12/2023,0,12.29,15.25,0,0,0,0,0,0,0,0,0,0,0,0,3,0,0,1,0
12/12/2023,0,12.29,15.25,0,0,0,0,0,0,0,0,0,0,0,0,3,0,0,1,0
13/12/2023,0,12.29,15.25,0,0,0,0,0,0,0,0,0,0,0,0,3,0,0,1,0
14/12/2023,0,12.29,15.25,0,0,0,0,0,0,0,0,0,0,0,0,3,0,0,1,0
15/12/2023,0,12.29,15.25,0,0,0,0,0,0,0,0,0,0,0,0,3,0,0,1,0
16/12/2023,0,12.29,15.25,0,0,0,0,0,0,0,0,0,0,0,0,3,0,0,1,0
17/12/2023,0,12.29,15.25,0,0,0,0,0,0,0,0,0,0,0,0,3,0,0,1,0
18/12/2023,0,12.29,15.25,0,0,0,0,0,0,0,0,0,0,0,0,3,0,0,1,0
19/12/2023,0,12.29,15.25,0,0,0,0,0,0,0,0,0,0,0,0,3,0,0,1,0
20/12/2023,0,12.29,15.25,0,0,0,0,0,0,0,0,0,0,0,0,3,0,0,1,0
21/12/2023,0,12.29,15.25,0,0,0,0,0,0,0,0,0,0,0,0,3,0,0,1,0
22/12/2023,0,12.29,15.25,0,0,0,0,0,0,0,0,0,0,0,0,3,0,0,1,0
23/12/2023,0,12.29,15.25,0,0,0,0,0,0,0,0,0,0,0,0,3,0,0,1,0
24/12/2023,0,12.29,15.25,0,0,0,0,0,0,0,0,0,0,0,0,3,0,0,1,0
25/12/2023,0,12.29,15.25,0,0,0,0,0,0,0,0,0,0,0,0,3,0,0,1,0
26/12/2023,0,12.29,15.25,0,0,0,0,0,0,0,0,0,0,0,0,3,0,0,1,0
27/12/2023,0,12.29,15.25,0,0,0,0,0,0,0,0,0,0,0,0,3,0,0,1,0
28/12/2023,0,12.29,15.25,0,0,0,0,0,0,0,0,0,0,0,0,3,0,0,1,0
29/12/2023,0,12.29,15.25,0,0,0,0,0,0,0,0,0,0,0,0,3,0,0,1,0
30/12/2023,0,12.29,15.25,0,0,0,0,0,0,0,0,0,0,0,0,3,0,0,1,0
31/12/2023,0,12.29,15.25,0,0,0,0,0,0,0,0,0,0,0,0,3,0,0,1,0
1/01/2024,0,12.29,15.25,0,0,0,0,0,0,0,0,0,0,0,0,3,0,0,1,0
2/01/2024,0,12.29,15.25,0,0,0,0,0,0,0,0,0,0,0,0,3,0,0,1,0
3/01/2024,0,12.29,15.25,0,0,0,0,0,0,0,0,0,0,0,0,3,0,0,1,0
4/01/2024,0,12.29,15.25,0,0,0,0,0,0,0,0,0,0,0,0,3,0,0,1,0
5/01/2024,0,12.29,15.25,0,0,0,0,0,0,0,0,0,0,0,0,3,0,0,1,0
6/01/2024,0,12.29,15.25,0,0,0,0,0,0,0,0,0,0,0,0,3,0,0,1,0
7/01/2024,0,12.29,15.25,0,0,0,0,0,0,0,0,0,0,0,0,3,0,0,1,0
8/01/2024,0,12.29,15.25,0,0,0,0,0,0,0,0,0,0,0,0,3,0,0,1,0
9/01/2024,0,12.29,15.25,0,0,0,0,0,0,0,0,0,0,0,0,3,0,0,1,0
10/01/2024,0,12.29,15.25,0,0,0,0,0,0,0,0,0,0,0,0,3,0,0,1,0
11/01/2024,0,12.29,15.25,0,0,0,0,0,0,0,0,0,0,0,0,3,0,0,1,0
12/01/2024,0,12.29,15.25,0,0,0,0,0,0,0,0,0,0,0,0,3,0,0,1,0
13/01/2024,0,12.29,15.25,0,0,0,0,0,0,0,0,0,0,0,0,3,0,0,1,0
14/01/2024,0,12.29,15.25,0,0,0,0,0,0,0,0,0,0,0,0,3,0,0,1,0
15/01/2024,0,12.29,15.25,0,0,0,0,0,0,0,0,0,0,0,0,3,0,0,1,0
16/01/2024,0,12.29,15.25,0,0,0,0,0,0,0,0,0,0,0,0,3,0,0,1,0
17/01/2024,0,12.29,15.25,0,0,0,0,0,0,0,0,0,0,0,0,3,0,0,1,0
18/01/2024,0,12.29,15.25,0,0,0,0,0,0,0,0,0,0,0,0,3,0,0,1,0
19/01/2024,0,12.29,15.25,0,0,0,0,0,0,0,0,0,0,0,0,3,0,0,1,0
20/01/2024,0,12.29,15.25,0,0,0,0,0,0,0,0,0,0,0,0,3,0,0,1,0
21/01/2024,0,12.29,15.25,0,0,0,0,0,0,0,0,0,0,0,0,3,0,0,1,0
22/01/2024,0,12.29,15.25,0,0,0,0,0,0,0,0,0,0,0,0,3,0,0,1,0
23/01/2024,0,12.29,15.25,0,0,0,0,0,0,0,0,0,0,0,0,3,0,0,1,0
24/01/2024,0,12.29,15.25,0,0,0,0,0,0,0,0,0,0,0,0,3,0,0,1,0
25/01/2024,0,12.29,15.25,0,0,0,0,0,0,0,0,0,0,0,0,3,0,0,1,0
26/01/2024,0,12.29,15.25,0,0,0,0,0,0,0,0,0,0,0,0,3,0,0,1,0
27/01/2024,0,12.29,15.25,0,0,0,0,0,0,0,0,0,0,0,0,3,0,0,1,0
28/01/2024,0,12.29,15.25,0,0,0,0,0,0,0,0,0,0,0,0,3,0,0,1,0
29/01/2024,0,12.29,15.25,0,0,0,0,0,0,0,0,0,0,0,0,3,0,0,1,0
30/01/2024,0,12.29,15.25,0,0,0,0,0,0,0,0,0,0,0,0,3,0,0,1,0
31/01/2024,0,12.29,15.25,0,0,0,0,0,0,0,0,0,0,0,0,3,0,0,1,0
1/02/2024,0,12.29,15.25,0,0,0,0,0,0,0,0,0,0,0,0,3,0,0,1,0
2/02/2024,0,12.29,15.25,0,0,0,0,0,0,0,0,0,0,0,0,3,0,0,1,0
3/02/2024,0,12.29,15.25,0,0,0,0,0,0,0,0,0,0,0,0,3,0,0,1,0
4/02/2024,0,12.29,15.25,0,0,0,0,0,0,0,0,0,0,0,0,3,0,0,1,0
5/02/2024,0,12.29,15.25,0,0,0,0,0,0,0,0,0,0,0,0,3,0,0,1,0
6/02/2024,0,12.29,15.25,0,0,0,0,0,0,0,0,0,0,0,0,3,0,0,1,0
7/02/2024,0,12.29,15.25,0,0,0,0,0,0,0,0,0,0,0,0,3,0,0,1,0
8/02/2024,0,12.29,15.25,0,0,0,0,0,0,0,0,0,0,0,0,3,0,0,1,0
9/02/2024,0,12.29,15.25,0,0,0,0,0,0,0,0,0,0,0,0,3,0,0,1,0
10/02/2024,0,12.29,15.25,0,0,0,0,0,0,0,0,0,0,0,0,3,0,0,1,0
11/02/2024,0,12.29,15.25,0,0,0,0,0,0,0,0,0,0,0,0,3,0,0,1,0
12/02/2024,0,12.29,15.25,0,0,0,0,0,0,0,0,0,0,0,0,3,0,0,1,0
13/02/2024,0,12.29,15.25,0,0,0,0,0,0,0,0,0,0,0,0,3,0,0,1,0
14/02/2024,0,12.29,15.25,0,0,0,0,0,0,0,0,0,0,0,0,3,0,0,1,0
15/02/2024,0,12.29,15.25,0,0,0,0,0,0,0,0,0,0,0,0,3,0,0,1,0
16/02/2024,0,12.29,15.25,0,0,0,0,0,0,0,0,0,0,0,0,3,0,0,1,0
17/02/2024,0,12.29,15.25,0,0,0,0,0,0,0,0,0,0,0,0,3,0,0,1,0
18/02/2024,0,12.29,15.25,0,0,0,0,0,0,0,0,0,0,0,0,3,0,0,1,0
19/02/2024,0,12.29,15.25,0,0,0,0,0,0,0,0,0,0,0,0,3,0,0,1,0
20/02/2024,0,12.29,15.25,0,0,0,0,0,0,0,0,0,0,0,0,3,0,0,1,0
21/02/2024,0,12.29,15.25,0,0,0,0,0,0,0,0,0,0,0,0,3,0,0,1,0
22/02/2024,0,12.29,15.25,0,0,0,0,0,0,0,0,0,0,0,0,3,0,0,1,0
23/02/2024,0,12.29,15.25,0,0,0,0,0,0,0,0,0,0,0,0,3,0,0,1,0
24/02/2024,0,12.29,15.25,0,0,0,0,0,0,0,0,0,0,0,0,3,0,0,1,0
25/02/2024,0,12.29,15.25,0,0,0,0,0,0,0,0,0,0,0,0,3,0,0,1,0
26/02/2024,0,12.29,15.25,0,0,0,0,0,0,0,0,0,0,0,0,3,0,0,1,0
27/02/2024,0,12.29,15.25,0,0,0,0,0,0,0,0,0,0,0,0,3,0,0,1,0
28/02/2024,0,12.29,15.25,0,0,0,0,0,0,0,0,0,0,0,0,3,0,0,1,0
